<?xml version="1.0" encoding="UTF-8"?><mdb:MD_Metadata xmlns:msr="http://standards.iso.org/iso/19115/-3/msr/1.0" xmlns:cit="http://standards.iso.org/iso/19115/-3/cit/1.0" xmlns:mex="http://standards.iso.org/iso/19115/-3/mex/1.0" xmlns:gcx="http://standards.iso.org/iso/19115/-3/gcx/1.0" xmlns:mmi="http://standards.iso.org/iso/19115/-3/mmi/1.0" xmlns:mac="http://standards.iso.org/iso/19115/-3/mac/1.0" xmlns:esri="http://www.esri.com/metadata/" xmlns:mdb="http://standards.iso.org/iso/19115/-3/mdb/1.0" xmlns:mda="http://standards.iso.org/iso/19115/-3/mda/1.0" xmlns:xsi="http://www.w3.org/2001/XMLSchema-instance" xmlns:mpc="http://standards.iso.org/iso/19115/-3/mpc/1.0" xmlns:cat="http://standards.iso.org/iso/19115/-3/cat/1.0" xmlns:gco="http://standards.iso.org/iso/19115/-3/gco/1.0" xmlns:xlink="http://www.w3.org/1999/xlink" xmlns:lan="http://standards.iso.org/iso/19115/-3/lan/1.0" xmlns:t="http://www.esri.com/xslt/translator" xmlns:mco="http://standards.iso.org/iso/19115/-3/mco/1.0" xmlns:mrs="http://standards.iso.org/iso/19115/-3/mrs/1.0" xmlns:dqc="http://standards.iso.org/iso/19157/-2/dqc/1.0" xmlns:gml="http://www.opengis.net/gml/3.2" xmlns:mrl="http://standards.iso.org/iso/19115/-3/mrl/1.0" xmlns:gex="http://standards.iso.org/iso/19115/-3/gex/1.0" xmlns:mdt="http://standards.iso.org/iso/19115/-3/mdt/1.0" xmlns:mri="http://standards.iso.org/iso/19115/-3/mri/1.0" xmlns:mas="http://standards.iso.org/iso/19115/-3/mas/1.0" xmlns:mds="http://standards.iso.org/iso/19115/-3/mds/1.0" xmlns:mcc="http://standards.iso.org/iso/19115/-3/mcc/1.0" xmlns:srv="http://standards.iso.org/iso/19115/-3/srv/2.0" xmlns:mdq="http://standards.iso.org/iso/19157/-2/mdq/1.0" xmlns:mrd="http://standards.iso.org/iso/19115/-3/mrd/1.0" xmlns:res="http://www.esri.com/metadata/res/" xmlns:mrc="http://standards.iso.org/iso/19115/-3/mrc/1.0">
    <mdb:metadataIdentifier>
        <mcc:MD_Identifier>
            <mcc:code>
                <gco:CharacterString>af9f7332322044ea992c2701cc326774</gco:CharacterString>
            </mcc:code>
        </mcc:MD_Identifier>
    </mdb:metadataIdentifier>
    <mdb:defaultLocale>
        <lan:PT_Locale>
            <lan:language>
                <lan:LanguageCode codeList="http://www.loc.gov/standards/iso639-2/php/code_list.php" codeListValue="eng">eng</lan:LanguageCode>
            </lan:language>
            <lan:characterEncoding>
                <lan:MD_CharacterSetCode codeList="standards.iso.org/19115/-3/lan/1.0/codelists.xml#MD_CharacterSetCode" codeListValue="utf8">utf8</lan:MD_CharacterSetCode>
            </lan:characterEncoding>
        </lan:PT_Locale>
    </mdb:defaultLocale>
    <mdb:metadataScope>
        <mdb:MD_MetadataScope>
            <mdb:resourceScope>
                <MD_ScopeCode codeList="standards.iso.org/19115/-3/lan/1.0/codelists.xml#MD_ScopeCode" codeListValue="dataset">dataset</MD_ScopeCode>
            </mdb:resourceScope>
        </mdb:MD_MetadataScope>
    </mdb:metadataScope>
    <mdb:contact>
        <cit:CI_Responsibility>
            <cit:role>
                <cit:CI_RoleCode codeList="standards.iso.org/19115/-3/lan/1.0/codelists.xml#CI_RoleCode" codeListValue="pointOfContact">pointOfContact</cit:CI_RoleCode>
            </cit:role>
            <cit:party>
                <cit:CI_Organisation>
                    <cit:name>
                        <gco:CharacterString>Office of the Surveyor General, Ontario Ministry of Natural Resources and Forestry</gco:CharacterString>
                    </cit:name>
                    <cit:contactInfo>
                        <cit:CI_Contact>
                            <cit:address>
                                <cit:CI_Address>
                                    <cit:electronicMailAddress>
                                        <gco:CharacterString>jennifer.mcmurray@ontario.ca</gco:CharacterString>
                                    </cit:electronicMailAddress>
                                </cit:CI_Address>
                            </cit:address>
                        </cit:CI_Contact>
                    </cit:contactInfo>
                    <cit:individual>
                        <cit:CI_Individual>
                            <cit:name>
                                <gco:CharacterString>Jennifer McMurray</gco:CharacterString>
                            </cit:name>
                            <cit:positionName>
                                <gco:CharacterString>Coordinator, Parcel Mapping and Georeferencing</gco:CharacterString>
                            </cit:positionName>
                        </cit:CI_Individual>
                    </cit:individual>
                </cit:CI_Organisation>
            </cit:party>
        </cit:CI_Responsibility>
    </mdb:contact>
    <mdb:dateInfo>
        <cit:CI_Date>
            <cit:date>
                <gco:DateTime>2022-02-09</gco:DateTime>
            </cit:date>
            <cit:dateType>
                <cit:CI_DateTypeCode codeList="standards.iso.org/19115/-3/lan/1.0/codelists.xml#CI_DateTypeCode" codeListValue="revision">revision</cit:CI_DateTypeCode>
            </cit:dateType>
        </cit:CI_Date>
    </mdb:dateInfo>
    <mdb:metadataStandard>
        <cit:CI_Citation>
            <cit:title>
                <gco:CharacterString>ISO 19115-3 Geographic Information - Metadata - Part 1: Fundamentals</gco:CharacterString>
            </cit:title>
            <cit:edition>
                <gco:CharacterString>2014</gco:CharacterString>
            </cit:edition>
        </cit:CI_Citation>
    </mdb:metadataStandard>
    <mdb:otherLocale>
        <lan:PT_Locale>
            <lan:language>
                <lan:LanguageCode codeList="http://www.loc.gov/standards/iso639-2/php/code_list.php" codeListValue="fre">fre</lan:LanguageCode>
            </lan:language>
            <lan:country>
                <lan:CountryCode codeList="http://www.iso.org/iso/country_codes/iso_3166_code_lists.htm" codeListValue="CA">CA</lan:CountryCode>
            </lan:country>
            <lan:characterEncoding>
                <lan:MD_CharacterSetCode codeList="standards.iso.org/19115/-3/lan/1.0/codelists.xml#MD_CharacterSetCode" codeListValue="utf8">utf8</lan:MD_CharacterSetCode>
            </lan:characterEncoding>
        </lan:PT_Locale>
    </mdb:otherLocale>
    <mdb:referenceSystemInfo>
        <mrs:MD_ReferenceSystem>
            <mrs:referenceSystemIdentifier>
                <mcc:MD_Identifier>
                    <mcc:code>
                        <gco:CharacterString>Grid CS = Unknown; Map Proj = Unknown; Horiz. Datum = NAD83; Vert. Datum = Unknown</gco:CharacterString>
                    </mcc:code>
                </mcc:MD_Identifier>
            </mrs:referenceSystemIdentifier>
        </mrs:MD_ReferenceSystem>
    </mdb:referenceSystemInfo>
    <mdb:identificationInfo>
        <mri:MD_DataIdentification>
            <mri:citation>
                <cit:CI_Citation>
                    <cit:title>
                        <gco:CharacterString>MNR Districts</gco:CharacterString>
                    </cit:title>
                    <cit:alternateTitle>
                        <gco:CharacterString>MNRDIST</gco:CharacterString>
                    </cit:alternateTitle>
                    <cit:date>
                        <cit:CI_Date>
                            <cit:date>
                                <gco:DateTime>2007-01-01T00:00:00</gco:DateTime>
                            </cit:date>
                            <cit:dateType>
                                <cit:CI_DateTypeCode codeList="standards.iso.org/19115/-3/lan/1.0/codelists.xml#CI_DateTypeCode" codeListValue="creation">creation</cit:CI_DateTypeCode>
                            </cit:dateType>
                        </cit:CI_Date>
                    </cit:date>
                    <cit:date>
                        <cit:CI_Date>
                            <cit:date>
                                <gco:DateTime>2023-10-08T02:09:23</gco:DateTime>
                            </cit:date>
                            <cit:dateType>
                                <cit:CI_DateTypeCode codeList="standards.iso.org/19115/-3/lan/1.0/codelists.xml#CI_DateTypeCode" codeListValue="revision">revision</cit:CI_DateTypeCode>
                            </cit:dateType>
                        </cit:CI_Date>
                    </cit:date>
                    <cit:identifier>
                        <mcc:MD_Identifier>
                            <mcc:authority>
                                <cit:CI_Citation>
                                    <cit:title>
                                        <gco:CharacterString>LIO Metadata Management Tool UUID</gco:CharacterString>
                                    </cit:title>
                                    <cit:date>
                                        <cit:CI_Date>
                                            <cit:date>
                                                <gco:DateTime>2019-04-11T14:52:11.581371</gco:DateTime>
                                            </cit:date>
                                            <cit:dateType>
                                                <cit:CI_DateTypeCode codeList="standards.iso.org/19115/-3/lan/1.0/codelists.xml#CI_DateTypeCode" codeListValue="publication">publication</cit:CI_DateTypeCode>
                                            </cit:dateType>
                                        </cit:CI_Date>
                                    </cit:date>
                                </cit:CI_Citation>
                            </mcc:authority>
                            <mcc:code>
                                <gco:CharacterString>08930667-3269-45e4-9062-47ccf7cff211</gco:CharacterString>
                            </mcc:code>
                        </mcc:MD_Identifier>
                    </cit:identifier>
                    <cit:identifier>
                        <mcc:MD_Identifier>
                            <mcc:authority>
                                <cit:CI_Citation>
                                    <cit:title>
                                        <gco:CharacterString>LIO Concrete Class Short Name</gco:CharacterString>
                                    </cit:title>
                                    <cit:date>
                                        <cit:CI_Date>
                                            <cit:date>
                                                <gco:DateTime>2019-04-11T14:52:11.591364</gco:DateTime>
                                            </cit:date>
                                            <cit:dateType>
                                                <cit:CI_DateTypeCode codeList="standards.iso.org/19115/-3/lan/1.0/codelists.xml#CI_DateTypeCode" codeListValue="publication">publication</cit:CI_DateTypeCode>
                                            </cit:dateType>
                                        </cit:CI_Date>
                                    </cit:date>
                                </cit:CI_Citation>
                            </mcc:authority>
                            <mcc:code>
                                <gco:CharacterString>MNRDIST</gco:CharacterString>
                            </mcc:code>
                        </mcc:MD_Identifier>
                    </cit:identifier>
                    <cit:identifier>
                        <mcc:MD_Identifier>
                            <mcc:authority>
                                <cit:CI_Citation>
                                    <cit:title>
                                        <gco:CharacterString>Ontario GeoHub French Record ID</gco:CharacterString>
                                    </cit:title>
                                    <cit:date>
                                        <cit:CI_Date>
                                            <cit:date>
                                                <gco:DateTime>2020-01-02T16:12:31.107741</gco:DateTime>
                                            </cit:date>
                                            <cit:dateType>
                                                <cit:CI_DateTypeCode codeList="standards.iso.org/19115/-3/lan/1.0/codelists.xml#CI_DateTypeCode" codeListValue="publication">publication</cit:CI_DateTypeCode>
                                            </cit:dateType>
                                        </cit:CI_Date>
                                    </cit:date>
                                </cit:CI_Citation>
                            </mcc:authority>
                            <mcc:code>
                                <gco:CharacterString>5b84bcfd674f404fab7dabf48b4dae39_6</gco:CharacterString>
                            </mcc:code>
                        </mcc:MD_Identifier>
                    </cit:identifier>
                    <cit:citedResponsibleParty>
                        <cit:CI_Responsibility>
                            <cit:role>
                                <cit:CI_RoleCode codeList="standards.iso.org/19115/-3/lan/1.0/codelists.xml#CI_RoleCode" codeListValue="publisher">publisher</cit:CI_RoleCode>
                            </cit:role>
                            <cit:party>
                                <cit:CI_Organisation>
                                    <cit:name>
                                        <gco:CharacterString>Ontario Ministry of Natural Resources and Forestry</gco:CharacterString>
                                    </cit:name>
                                </cit:CI_Organisation>
                            </cit:party>
                        </cit:CI_Responsibility>
                    </cit:citedResponsibleParty>
                    <cit:onlineResource>
                        <cit:CI_OnlineResource>
                            <cit:linkage>
                                <gco:CharacterString>https://www.gisapplication.lrc.gov.on.ca/fmedatadownload/Packages/fgdb/MNRDIST.zip</gco:CharacterString>
                            </cit:linkage>
                            <cit:protocol gco:nilReason="missing"/>
                            <cit:name>
                                <gco:CharacterString>Complete File Geodatabase</gco:CharacterString>
                            </cit:name>
                        </cit:CI_OnlineResource>
                    </cit:onlineResource>
                    <cit:onlineResource>
                        <cit:CI_OnlineResource>
                            <cit:linkage>
                                <gco:CharacterString>https://www.gisapplication.lrc.gov.on.ca/fmedatadownload/Packages/MNRDIST.zip</gco:CharacterString>
                            </cit:linkage>
                            <cit:protocol gco:nilReason="missing"/>
                            <cit:name>
                                <gco:CharacterString>Complete Shapefile</gco:CharacterString>
                            </cit:name>
                        </cit:CI_OnlineResource>
                    </cit:onlineResource>
                    <cit:onlineResource>
                        <cit:CI_OnlineResource>
                            <cit:linkage>
                                <gco:CharacterString>https://www.publicdocs.mnr.gov.on.ca/mirb/lio-open-qlr-eng/mnr-district.qlr</gco:CharacterString>
                            </cit:linkage>
                            <cit:protocol gco:nilReason="missing"/>
                            <cit:name>
                                <gco:CharacterString>QGIS Layer Definition File (.qlr)</gco:CharacterString>
                            </cit:name>
                        </cit:CI_OnlineResource>
                    </cit:onlineResource>
                </cit:CI_Citation>
            </mri:citation>
            <mri:abstract>
                <gco:CharacterString>

MNR regions are divided into districts – smaller organizational units – to help manage ministry programs and resources.

Extents of the districts were originally compiled by description of: metes and bounds, topographic features, geographic township boundaries, territorial district boundaries, etc.

Changes to the extent of the districts have been made over time by MNR district offices.

Additional Documentation



MNR District - Data Description (PDF)

MNR District - Documentation (Word)





Product Packages

	
		Legacy MNR District-Region Boundaries 1997-2022 (ZIP) 
        




Status

On going: Data is continually being updated 




Maintenance and Update Frequency

As needed: Data is updated as deemed necessary 




Contact

Jennifer McMurray, Office of the Surveyor General, jennifer.mcmurray@ontario.ca</gco:CharacterString>
            </mri:abstract>
            <mri:purpose>
                <gco:CharacterString>Extents of MNR administrative areas that divides the Regions into smaller organizational units for the purpose of managing Ministry programs and resources at a district level.</gco:CharacterString>
            </mri:purpose>
            <mri:credit>
                <gco:CharacterString>Ontario Ministry of Natural Resources and Forestry © King’s Printer for Ontario, 2023</gco:CharacterString>
            </mri:credit>
            <mri:pointOfContact>
                <cit:CI_Responsibility>
                    <cit:role>
                        <cit:CI_RoleCode codeList="standards.iso.org/19115/-3/lan/1.0/codelists.xml#CI_RoleCode" codeListValue="custodian">custodian</cit:CI_RoleCode>
                    </cit:role>
                    <cit:party>
                        <cit:CI_Organisation>
                            <cit:name>
                                <gco:CharacterString>Office of the Surveyor General, Ontario Ministry of Natural Resources and Forestry</gco:CharacterString>
                            </cit:name>
                            <cit:contactInfo>
                                <cit:CI_Contact>
                                    <cit:address>
                                        <cit:CI_Address>
                                            <cit:deliveryPoint>
                                                <gco:CharacterString>300 Water St. 2nd Floor</gco:CharacterString>
                                            </cit:deliveryPoint>
                                            <cit:city>
                                                <gco:CharacterString>Peterborough</gco:CharacterString>
                                            </cit:city>
                                            <cit:administrativeArea>
                                                <gco:CharacterString>Ontario</gco:CharacterString>
                                            </cit:administrativeArea>
                                            <cit:postalCode>
                                                <gco:CharacterString>K9J8M5</gco:CharacterString>
                                            </cit:postalCode>
                                            <cit:country>
                                                <lan:CountryCode codeList="http://www.iso.org/iso/country_codes/iso_3166_code_lists.htm" codeListValue="CA">CA</lan:CountryCode>
                                            </cit:country>
                                            <cit:electronicMailAddress>
                                                <gco:CharacterString>jennifer.mcmurray@ontario.ca</gco:CharacterString>
                                            </cit:electronicMailAddress>
                                        </cit:CI_Address>
                                    </cit:address>
                                </cit:CI_Contact>
                            </cit:contactInfo>
                            <cit:individual>
                                <cit:CI_Individual>
                                    <cit:name>
                                        <gco:CharacterString>Jennifer McMurray</gco:CharacterString>
                                    </cit:name>
                                    <cit:positionName>
                                        <gco:CharacterString>Coordinator, Parcel Mapping and Georeferencing</gco:CharacterString>
                                    </cit:positionName>
                                </cit:CI_Individual>
                            </cit:individual>
                        </cit:CI_Organisation>
                    </cit:party>
                </cit:CI_Responsibility>
            </mri:pointOfContact>
            <mri:topicCategory>
                <mri:MD_TopicCategoryCode>boundaries</mri:MD_TopicCategoryCode>
            </mri:topicCategory>
            <mri:extent>
                <gex:EX_Extent>
                    <gex:geographicElement>
                        <gex:EX_GeographicBoundingBox>
                            <gex:westBoundLongitude>
                                <gco:Decimal>-95.1569900512695</gco:Decimal>
                            </gex:westBoundLongitude>
                            <gex:eastBoundLongitude>
                                <gco:Decimal>-74.3079833984375</gco:Decimal>
                            </gex:eastBoundLongitude>
                            <gex:southBoundLatitude>
                                <gco:Decimal>41.6722984313965</gco:Decimal>
                            </gex:southBoundLatitude>
                            <gex:northBoundLatitude>
                                <gco:Decimal>56.8501167297363</gco:Decimal>
                            </gex:northBoundLatitude>
                        </gex:EX_GeographicBoundingBox>
                    </gex:geographicElement>
                </gex:EX_Extent>
            </mri:extent>
            <mri:graphicOverview>
                <mcc:MD_BrowseGraphic>
                    <mcc:fileName gco:nilReason="withheld"/>
                    <mcc:fileDescription>
                        <gco:CharacterString>large_thumbnail</gco:CharacterString>
                    </mcc:fileDescription>
                    <mcc:fileType>
                        <gco:CharacterString>png</gco:CharacterString>
                    </mcc:fileType>
                </mcc:MD_BrowseGraphic>
            </mri:graphicOverview>
            <mri:graphicOverview>
                <mcc:MD_BrowseGraphic>
                    <mcc:fileName gco:nilReason="withheld"/>
                    <mcc:fileDescription>
                        <gco:CharacterString>large_thumbnail</gco:CharacterString>
                    </mcc:fileDescription>
                    <mcc:fileType>
                        <gco:CharacterString>png</gco:CharacterString>
                    </mcc:fileType>
                </mcc:MD_BrowseGraphic>
            </mri:graphicOverview>
            <mri:graphicOverview>
                <mcc:MD_BrowseGraphic>
                    <mcc:fileName gco:nilReason="withheld"/>
                    <mcc:fileDescription>
                        <gco:CharacterString>large_thumbnail</gco:CharacterString>
                    </mcc:fileDescription>
                    <mcc:fileType>
                        <gco:CharacterString>png</gco:CharacterString>
                    </mcc:fileType>
                </mcc:MD_BrowseGraphic>
            </mri:graphicOverview>
            <mri:graphicOverview>
                <mcc:MD_BrowseGraphic>
                    <mcc:fileName gco:nilReason="missing"/>
                    <mcc:fileDescription>
                        <gco:CharacterString>Sample Data File Name: ; Sample Data File Descr: ; Sample Data File Type: ; Sample Data File Size: 0</gco:CharacterString>
                    </mcc:fileDescription>
                </mcc:MD_BrowseGraphic>
            </mri:graphicOverview>
            <mri:graphicOverview>
                <mcc:MD_BrowseGraphic>
                    <mcc:fileName gco:nilReason="withheld"/>
                    <mcc:fileDescription>
                        <gco:CharacterString>thumbnail</gco:CharacterString>
                    </mcc:fileDescription>
                    <mcc:fileType>
                        <gco:CharacterString>png</gco:CharacterString>
                    </mcc:fileType>
                </mcc:MD_BrowseGraphic>
            </mri:graphicOverview>
            <mri:graphicOverview>
                <mcc:MD_BrowseGraphic>
                    <mcc:fileName gco:nilReason="withheld"/>
                    <mcc:fileDescription>
                        <gco:CharacterString>thumbnail</gco:CharacterString>
                    </mcc:fileDescription>
                    <mcc:fileType>
                        <gco:CharacterString>png</gco:CharacterString>
                    </mcc:fileType>
                </mcc:MD_BrowseGraphic>
            </mri:graphicOverview>
            <mri:graphicOverview>
                <mcc:MD_BrowseGraphic>
                    <mcc:fileName gco:nilReason="withheld"/>
                    <mcc:fileDescription>
                        <gco:CharacterString>thumbnail</gco:CharacterString>
                    </mcc:fileDescription>
                    <mcc:fileType>
                        <gco:CharacterString>png</gco:CharacterString>
                    </mcc:fileType>
                </mcc:MD_BrowseGraphic>
            </mri:graphicOverview>
            <mri:descriptiveKeywords>
                <mri:MD_Keywords>
                    <mri:keyword>
                        <gco:CharacterString>ADMINISTRATIVE BOUNDARIES</gco:CharacterString>
                    </mri:keyword>
                    <mri:type>
                        <mri:MD_KeywordTypeCode codeList="standards.iso.org/19115/-3/lan/1.0/codelists.xml#napMD_KeywordTypeCode" codeListValue="theme">theme</mri:MD_KeywordTypeCode>
                    </mri:type>
                    <mri:thesaurusName>
                        <cit:CI_Citation>
                            <cit:title>
                                <gco:CharacterString>external</gco:CharacterString>
                            </cit:title>
                        </cit:CI_Citation>
                    </mri:thesaurusName>
                </mri:MD_Keywords>
            </mri:descriptiveKeywords>
            <mri:descriptiveKeywords>
                <mri:MD_Keywords>
                    <mri:keyword gco:nilReason="missing"/>
                    <mri:type>
                        <mri:MD_KeywordTypeCode codeList="standards.iso.org/19115/-3/lan/1.0/codelists.xml#napMD_KeywordTypeCode" codeListValue="unknown">unknown</mri:MD_KeywordTypeCode>
                    </mri:type>
                </mri:MD_Keywords>
            </mri:descriptiveKeywords>
            <mri:resourceConstraints>
                <mco:MD_Constraints>
                    <mco:useLimitation>
                        <gco:CharacterString>Open Government Licence – Ontario</gco:CharacterString>
                    </mco:useLimitation>
                </mco:MD_Constraints>
            </mri:resourceConstraints>
            <mri:resourceConstraints>
                <mco:MD_LegalConstraints>
                    <mco:accessConstraints>
                        <mco:MD_RestrictionCode codeList="standards.iso.org/19115/-3/lan/1.0/codelists.xml#MD_RestrictionCode" codeListValue="otherRestrictions">otherRestrictions</mco:MD_RestrictionCode>
                    </mco:accessConstraints>
                    <mco:otherConstraints>
                        <gco:CharacterString>Other Constraints</gco:CharacterString>
                    </mco:otherConstraints>
                </mco:MD_LegalConstraints>
            </mri:resourceConstraints>
            <mri:resourceConstraints>
                <mco:MD_LegalConstraints>
                    <mco:useConstraints>
                        <mco:MD_RestrictionCode codeList="standards.iso.org/19115/-3/lan/1.0/codelists.xml#MD_RestrictionCode" codeListValue="otherRestrictions">otherRestrictions</mco:MD_RestrictionCode>
                    </mco:useConstraints>
                    <mco:otherConstraints>
                        <gco:CharacterString>Other Constraints</gco:CharacterString>
                    </mco:otherConstraints>
                </mco:MD_LegalConstraints>
            </mri:resourceConstraints>
            <mri:resourceConstraints>
                <mco:MD_LegalConstraints>
                    <mco:accessConstraints>
                        <mco:MD_RestrictionCode codeList="standards.iso.org/19115/-3/lan/1.0/codelists.xml#MD_RestrictionCode" codeListValue="otherRestrictions">otherRestrictions</mco:MD_RestrictionCode>
                    </mco:accessConstraints>
                    <mco:otherConstraints>
                        <gco:CharacterString>Other Constraints</gco:CharacterString>
                    </mco:otherConstraints>
                </mco:MD_LegalConstraints>
            </mri:resourceConstraints>
            <mri:resourceConstraints>
                <mco:MD_LegalConstraints>
                    <mco:useConstraints>
                        <mco:MD_RestrictionCode codeList="standards.iso.org/19115/-3/lan/1.0/codelists.xml#MD_RestrictionCode" codeListValue="otherRestrictions">otherRestrictions</mco:MD_RestrictionCode>
                    </mco:useConstraints>
                    <mco:otherConstraints>
                        <gco:CharacterString>Other Constraints</gco:CharacterString>
                    </mco:otherConstraints>
                </mco:MD_LegalConstraints>
            </mri:resourceConstraints>
            <mri:resourceConstraints>
                <mco:MD_LegalConstraints>
                    <mco:accessConstraints>
                        <mco:MD_RestrictionCode codeList="standards.iso.org/19115/-3/lan/1.0/codelists.xml#MD_RestrictionCode" codeListValue="otherRestrictions">otherRestrictions</mco:MD_RestrictionCode>
                    </mco:accessConstraints>
                    <mco:otherConstraints>
                        <gco:CharacterString>Other Constraints</gco:CharacterString>
                    </mco:otherConstraints>
                </mco:MD_LegalConstraints>
            </mri:resourceConstraints>
            <mri:resourceConstraints>
                <mco:MD_LegalConstraints>
                    <mco:useConstraints>
                        <mco:MD_RestrictionCode codeList="standards.iso.org/19115/-3/lan/1.0/codelists.xml#MD_RestrictionCode" codeListValue="otherRestrictions">otherRestrictions</mco:MD_RestrictionCode>
                    </mco:useConstraints>
                    <mco:otherConstraints>
                        <gco:CharacterString>Other Constraints</gco:CharacterString>
                    </mco:otherConstraints>
                </mco:MD_LegalConstraints>
            </mri:resourceConstraints>
            <mri:resourceConstraints>
                <mco:MD_LegalConstraints>
                    <mco:accessConstraints>
                        <mco:MD_RestrictionCode codeList="standards.iso.org/19115/-3/lan/1.0/codelists.xml#MD_RestrictionCode" codeListValue="otherRestrictions">otherRestrictions</mco:MD_RestrictionCode>
                    </mco:accessConstraints>
                    <mco:otherConstraints>
                        <gco:CharacterString>Other Constraints</gco:CharacterString>
                    </mco:otherConstraints>
                </mco:MD_LegalConstraints>
            </mri:resourceConstraints>
            <mri:resourceConstraints>
                <mco:MD_LegalConstraints>
                    <mco:useConstraints>
                        <mco:MD_RestrictionCode codeList="standards.iso.org/19115/-3/lan/1.0/codelists.xml#MD_RestrictionCode" codeListValue="otherRestrictions">otherRestrictions</mco:MD_RestrictionCode>
                    </mco:useConstraints>
                    <mco:otherConstraints>
                        <gco:CharacterString>Other Constraints</gco:CharacterString>
                    </mco:otherConstraints>
                </mco:MD_LegalConstraints>
            </mri:resourceConstraints>
            <mri:defaultLocale gco:nilReason="missing"/>
        </mri:MD_DataIdentification>
    </mdb:identificationInfo>
    <mdb:distributionInfo>
        <mrd:MD_Distribution>
            <mrd:transferOptions>
                <mrd:MD_DigitalTransferOptions>
                    <mrd:onLine>
                        <cit:CI_OnlineResource>
                            <cit:linkage>
                                <gco:CharacterString>https://www.gisapplication.lrc.gov.on.ca/fmedatadownload/Packages/fgdb/MNRDIST.zip</gco:CharacterString>
                            </cit:linkage>
                            <cit:protocol gco:nilReason="missing"/>
                            <cit:name>
                                <gco:CharacterString>Complete File Geodatabase</gco:CharacterString>
                            </cit:name>
                        </cit:CI_OnlineResource>
                    </mrd:onLine>
                    <mrd:onLine>
                        <cit:CI_OnlineResource>
                            <cit:linkage>
                                <gco:CharacterString>https://www.gisapplication.lrc.gov.on.ca/fmedatadownload/Packages/MNRDIST.zip</gco:CharacterString>
                            </cit:linkage>
                            <cit:protocol gco:nilReason="missing"/>
                            <cit:name>
                                <gco:CharacterString>Complete Shapefile</gco:CharacterString>
                            </cit:name>
                        </cit:CI_OnlineResource>
                    </mrd:onLine>
                    <mrd:onLine>
                        <cit:CI_OnlineResource>
                            <cit:linkage>
                                <gco:CharacterString>https://www.publicdocs.mnr.gov.on.ca/mirb/lio-open-qlr-eng/mnr-district.qlr</gco:CharacterString>
                            </cit:linkage>
                            <cit:protocol gco:nilReason="missing"/>
                            <cit:name>
                                <gco:CharacterString>QGIS Layer Definition File (.qlr)</gco:CharacterString>
                            </cit:name>
                        </cit:CI_OnlineResource>
                    </mrd:onLine>
                </mrd:MD_DigitalTransferOptions>
            </mrd:transferOptions>
        </mrd:MD_Distribution>
    </mdb:distributionInfo>
    <mdb:dataQualityInfo>
        <mdq:DQ_DataQuality>
            <mdq:scope gco:nilReason="missing"/>
            <mdq:report>
                <mdq:DQ_RelativeInternalPositionalAccuracy>
                    <mdq:measure>
                        <mdq:DQ_MeasureReference>
                            <mdq:measureDescription>
                                <gco:CharacterString>Horizontal: Unknown; Vertical: Unknown</gco:CharacterString>
                            </mdq:measureDescription>
                        </mdq:DQ_MeasureReference>
                    </mdq:measure>
                    <mdq:result gco:nilReason="missing"/>
                </mdq:DQ_RelativeInternalPositionalAccuracy>
            </mdq:report>
        </mdq:DQ_DataQuality>
    </mdb:dataQualityInfo>
</mdb:MD_Metadata>
