snapped_at,price,market_cap,total_volume
2013-04-28 00:00:00 UTC,130.7952,1450558007,0
2013-04-29 00:00:00 UTC,140.0534,1553878468,0
2013-04-30 00:00:00 UTC,134.5714,1493570962,0
2013-05-01 00:00:00 UTC,112.481,1248780934,0
2013-05-02 00:00:00 UTC,103.3766,1148074675,0
2013-05-03 00:00:00 UTC,95.6465,1062575227,0
2013-05-04 00:00:00 UTC,109.5431,1217382595,0
2013-05-05 00:00:00 UTC,112.4208,1249804518,0
2013-05-06 00:00:00 UTC,108.8597,1210669546,0
2013-05-07 00:00:00 UTC,106.9207,1189559613,0
2013-05-08 00:00:00 UTC,111.1343,1236896975,0
2013-05-09 00:00:00 UTC,110.8214,1233874385,0
2013-05-10 00:00:00 UTC,116.3016,1295384666,0
2013-05-11 00:00:00 UTC,115.3565,1285385756,0
2013-05-12 00:00:00 UTC,114.5956,1277400018,0
2013-05-13 00:00:00 UTC,117.8627,1314334113,0
2013-05-14 00:00:00 UTC,111.8072,1247240063,0
2013-05-15 00:00:00 UTC,115.2481,1286036261,0
2013-05-16 00:00:00 UTC,119.1903,1330470663,0
2013-05-17 00:00:00 UTC,125.8088,1404853400,0
2013-05-18 00:00:00 UTC,126.6108,1414258462,0
2013-05-19 00:00:00 UTC,125.4781,1402114248,0
2013-05-20 00:00:00 UTC,124.8431,1395427508,0
2013-05-21 00:00:00 UTC,125.3657,1401723295,0
2013-05-22 00:00:00 UTC,126.2999,1412702271,0
2013-05-23 00:00:00 UTC,130.0716,1455419910,0
2013-05-24 00:00:00 UTC,136.8617,1531958017,0
2013-05-25 00:00:00 UTC,136.6814,1530510478,0
2013-05-26 00:00:00 UTC,138.3171,1549407407,0
2013-05-27 00:00:00 UTC,134.4477,1506661261,0
2013-05-28 00:00:00 UTC,133.8299,1500253254,0
2013-05-29 00:00:00 UTC,137.423,1541140540,0
2013-05-30 00:00:00 UTC,133.8842,1502043493,0
2013-05-31 00:00:00 UTC,133.3446,1496596452,0
2013-06-01 00:00:00 UTC,134.7469,1513019041,0
2013-06-02 00:00:00 UTC,128.0558,1438578857,0
2013-06-03 00:00:00 UTC,125.9791,1415929497,0
2013-06-05 00:00:00 UTC,126.3133,1420386743,0
2013-06-06 00:00:00 UTC,124.6313,1402052272,0
2013-06-07 00:00:00 UTC,116.2172,1307917085,0
2013-06-08 00:00:00 UTC,113.5613,1278475954,0
2013-06-09 00:00:00 UTC,105.7146,1190618612,0
2013-06-10 00:00:00 UTC,112.4909,1267395599,0
2013-06-11 00:00:00 UTC,115.3244,1299812663,0
2013-06-12 00:00:00 UTC,115.5474,1302857597,0
2013-06-13 00:00:00 UTC,109.5523,1235818414,0
2013-06-14 00:00:00 UTC,104.0803,1174564400,0
2013-06-15 00:00:00 UTC,104.2001,1176395684,0
2013-06-16 00:00:00 UTC,104.2936,1177891918,0
2013-06-17 00:00:00 UTC,106.4325,1202543566,0
2013-06-18 00:00:00 UTC,112.2211,1268356539,0
2013-06-19 00:00:00 UTC,114.2174,1291324792,0
2013-06-20 00:00:00 UTC,119.2551,1348691702,0
2013-06-21 00:00:00 UTC,118.9856,1346093016,0
2013-06-22 00:00:00 UTC,117.3214,1327755614,0
2013-06-23 00:00:00 UTC,116.9707,1324315947,0
2013-06-24 00:00:00 UTC,110.5932,1252550935,0
2013-06-25 00:00:00 UTC,111.9054,1267840623,0
2013-06-26 00:00:00 UTC,112.2494,1272192606,0
2013-06-27 00:00:00 UTC,109.584,1242433257,0
2013-06-28 00:00:00 UTC,101.9075,1155829770,0
2013-06-29 00:00:00 UTC,103.6206,1175700052,0
2013-06-30 00:00:00 UTC,106.6306,1210294631,0
2013-07-01 00:00:00 UTC,92.5862,1051246861,0
2013-07-02 00:00:00 UTC,95.074,1079881391,0
2013-07-03 00:00:00 UTC,83.9828,954229369.8,0
2013-07-04 00:00:00 UTC,85.5011,971878178.5,0
2013-07-05 00:00:00 UTC,72.6094,825650563.6,0
2013-07-06 00:00:00 UTC,73.5521,836699268.3,0
2013-07-07 00:00:00 UTC,79.9753,910140907.4,0
2013-07-08 00:00:00 UTC,82.2678,936614789.7,0
2013-07-09 00:00:00 UTC,81.4019,927149325.7,0
2013-07-10 00:00:00 UTC,92.213,1050723334,0
2013-07-11 00:00:00 UTC,98.7794,1126003667,0
2013-07-12 00:00:00 UTC,96.3029,1098221418,0
2013-07-13 00:00:00 UTC,101.056,1152776109,0
2013-07-14 00:00:00 UTC,99.848,1139420444,0
2013-07-15 00:00:00 UTC,102.744,1172892112,0
2013-07-16 00:00:00 UTC,101.9485,1164254419,0
2013-07-17 00:00:00 UTC,98.0588,1120216377,0
2013-07-18 00:00:00 UTC,92.5711,1057948816,0
2013-07-19 00:00:00 UTC,93.321,1066899331,0
2013-07-20 00:00:00 UTC,93.2366,1066349325,0
2013-07-21 00:00:00 UTC,93.0849,1065026229,0
2013-07-22 00:00:00 UTC,93.6639,1072135540,0
2013-07-23 00:00:00 UTC,94.1187,1077722645,0
2013-07-24 00:00:00 UTC,94.3842,1081083706,0
2013-07-25 00:00:00 UTC,97.5198,1117391620,0
2013-07-26 00:00:00 UTC,98.2004,1125565620,0
2013-07-27 00:00:00 UTC,96.1718,1102689028,0
2013-07-28 00:00:00 UTC,99.4396,1140624418,0
2013-07-29 00:00:00 UTC,100.6608,1155034866,0
2013-07-30 00:00:00 UTC,104.595,1200632930,0
2013-07-31 00:00:00 UTC,107.8933,1239084420,0
2013-08-01 00:00:00 UTC,107.4987,1235057940,0
2013-08-02 00:00:00 UTC,108.6853,1249169061,0
2013-08-03 00:00:00 UTC,108.5381,1248009062,0
2013-08-04 00:00:00 UTC,108.4731,1247711833,0
2013-08-05 00:00:00 UTC,108.8077,1252052924,0
2013-08-06 00:00:00 UTC,108.8823,1253436705,0
2013-08-07 00:00:00 UTC,107.8706,1242000514,0
2013-08-08 00:00:00 UTC,105.461,1215248195,0
2013-08-09 00:00:00 UTC,102.6093,1182913358,0
2013-08-10 00:00:00 UTC,101.5095,1170759818,0
2013-08-11 00:00:00 UTC,102.322,1180670536,0
2013-08-12 00:00:00 UTC,103.4119,1193856776,0
2013-08-13 00:00:00 UTC,107.1622,1237645718,0
2013-08-14 00:00:00 UTC,107.5889,1243017597,0
2013-08-15 00:00:00 UTC,106.9752,1236371222,0
2013-08-16 00:00:00 UTC,107.5359,1243305880,0
2013-08-17 00:00:00 UTC,108.43,1254163728,0
2013-08-18 00:00:00 UTC,107.6094,1245186031,0
2013-08-19 00:00:00 UTC,111.3646,1289159394,0
2013-08-20 00:00:00 UTC,114.903,1330625573,0
2013-08-21 00:00:00 UTC,122.9499,1424439140,0
2013-08-22 00:00:00 UTC,122.1637,1415971960,0
2013-08-23 00:00:00 UTC,119.2966,1383360391,0
2013-08-24 00:00:00 UTC,120.4463,1397252359,0
2013-08-25 00:00:00 UTC,123.8268,1436948101,0
2013-08-26 00:00:00 UTC,124.2864,1442753817,0
2013-08-27 00:00:00 UTC,130.1317,1511183646,0
2013-08-28 00:00:00 UTC,131.5816,1528570289,0
2013-08-29 00:00:00 UTC,131.6898,1530472518,0
2013-08-30 00:00:00 UTC,138.3439,1608486481,0
2013-08-31 00:00:00 UTC,145.4352,1691684067,0
2013-09-01 00:00:00 UTC,143.7707,1673138709,0
2013-09-02 00:00:00 UTC,141.6128,1648861556,0
2013-09-03 00:00:00 UTC,141.0811,1643298545,0
2013-09-04 00:00:00 UTC,131.5975,1533439869,0
2013-09-05 00:00:00 UTC,132.0324,1539045573,0
2013-09-06 00:00:00 UTC,126.7753,1478386992,0
2013-09-07 00:00:00 UTC,129.6101,1511947181,0
2013-09-08 00:00:00 UTC,126.7473,1479033256,0
2013-09-09 00:00:00 UTC,130.0503,1518210453,0
2013-09-10 00:00:00 UTC,130.6074,1525324642,0
2013-09-11 00:00:00 UTC,134.5274,1571750878,0
2013-09-12 00:00:00 UTC,135.787,1587190481,0
2013-09-13 00:00:00 UTC,136.8346,1600140392,0
2013-09-14 00:00:00 UTC,134.1953,1570007848,0
2013-09-15 00:00:00 UTC,133.9366,1567627450,0
2013-09-16 00:00:00 UTC,134.0639,1569683822,0
2013-09-17 00:00:00 UTC,134.714,1577884875,0
2013-09-18 00:00:00 UTC,133.3195,1562037922,0
2013-09-19 00:00:00 UTC,131.3714,1539863296,0
2013-09-20 00:00:00 UTC,130.688,1532454022,0
2013-09-21 00:00:00 UTC,130.4781,1530592924,0
2013-09-22 00:00:00 UTC,130.6918,1533782629,0
2013-09-23 00:00:00 UTC,129.6427,1522183557,0
2013-09-24 00:00:00 UTC,130.5454,1533471122,0
2013-09-25 00:00:00 UTC,131.8606,1549609288,0
2013-09-26 00:00:00 UTC,131.8744,1550338525,0
2013-09-27 00:00:00 UTC,132.4234,1557385259,0
2013-09-28 00:00:00 UTC,133.7637,1573706522,0
2013-09-29 00:00:00 UTC,134.2544,1580050103,0
2013-09-30 00:00:00 UTC,131.908,1552979266,0
2013-10-01 00:00:00 UTC,133.6391,1574028048,0
2013-10-02 00:00:00 UTC,106.3846,1253468571,0
2013-10-03 00:00:00 UTC,124.4432,1466933330,0
2013-10-04 00:00:00 UTC,128.5644,1516076402,0
2013-10-05 00:00:00 UTC,128.4087,1514911269,0
2013-10-06 00:00:00 UTC,129.0116,1522681986,0
2013-10-07 00:00:00 UTC,130.8239,1544578917,0
2013-10-08 00:00:00 UTC,131.9354,1558223042,0
2013-10-09 00:00:00 UTC,133.2012,1573768848,0
2013-10-10 00:00:00 UTC,133.0194,1572292633,0
2013-10-11 00:00:00 UTC,132.6108,1568046459,0
2013-10-12 00:00:00 UTC,133.6339,1580782130,0
2013-10-13 00:00:00 UTC,138.0412,1633714151,0
2013-10-14 00:00:00 UTC,140.2431,1660653608,0
2013-10-15 00:00:00 UTC,145.4511,1723246452,0
2013-10-16 00:00:00 UTC,143.858,1705184839,0
2013-10-17 00:00:00 UTC,148.3389,1758950758,0
2013-10-18 00:00:00 UTC,154.6666,1834635875,0
2013-10-19 00:00:00 UTC,165.1777,1960250484,0
2013-10-20 00:00:00 UTC,168.6819,2002747547,0
2013-10-21 00:00:00 UTC,180.379,2142532744,0
2013-10-22 00:00:00 UTC,189.576,2252954360,0
2013-10-23 00:00:00 UTC,208.5551,2479610647,0
2013-10-24 00:00:00 UTC,190.3891,2264621228,0
2013-10-25 00:00:00 UTC,185.8256,2211459364,0
2013-10-26 00:00:00 UTC,183.534,2185100744,0
2013-10-27 00:00:00 UTC,193.7095,2307118887,0
2013-10-28 00:00:00 UTC,196.334,2339241076,0
2013-10-29 00:00:00 UTC,208.9339,2490178687,0
2013-10-30 00:00:00 UTC,205.2847,2447701856,0
2013-10-31 00:00:00 UTC,209.4737,2498796057,0
2013-11-01 00:00:00 UTC,210.15,2507872309,0
2013-11-02 00:00:00 UTC,212.5248,2537381405,0
2013-11-03 00:00:00 UTC,219.5448,2622297977,0
2013-11-04 00:00:00 UTC,236.8848,2830542397,0
2013-11-05 00:00:00 UTC,251.8305,3010205516,0
2013-11-06 00:00:00 UTC,266.3404,3184745357,0
2013-11-07 00:00:00 UTC,299.5259,3582666731,0
2013-11-08 00:00:00 UTC,344.9844,4127557230,0
2013-11-09 00:00:00 UTC,358.1917,4286847220,0
2013-11-10 00:00:00 UTC,332.3846,3979399837,0
2013-11-11 00:00:00 UTC,355.4638,4257416592,0
2013-11-12 00:00:00 UTC,375.6085,4500512876,0
2013-11-13 00:00:00 UTC,420.1051,5035516262,0
2013-11-14 00:00:00 UTC,440.9272,5287080893,0
2013-11-15 00:00:00 UTC,436.7548,5238819232,0
2013-11-16 00:00:00 UTC,457.7008,5492329502,0
2013-11-17 00:00:00 UTC,507.9924,6098220165,0
2013-11-18 00:00:00 UTC,719.2505,8637209536,0
2013-11-19 00:00:00 UTC,574.6381,6902825810,0
2013-11-20 00:00:00 UTC,613.8772,7376701414,0
2013-11-21 00:00:00 UTC,753.692,9059622789,0
2013-11-22 00:00:00 UTC,814.5922,9793719831,0
2013-11-23 00:00:00 UTC,847.2195,10189191219,0
2013-11-24 00:00:00 UTC,819.5855,9860084826,0
2013-11-25 00:00:00 UTC,849.2731,10221192845,0
2013-11-26 00:00:00 UTC,985.0574,11859721699,0
2013-11-27 00:00:00 UTC,1044.6476,12581317835,0
2013-11-28 00:00:00 UTC,1140.2738,13737876208,0
2013-11-29 00:00:00 UTC,1230.1915,14827836452,0
2013-11-30 00:00:00 UTC,1234.7649,14887560399,0
2013-12-01 00:00:00 UTC,1037.6674,12516318237,0
2013-12-02 00:00:00 UTC,1140.2851,13759278667,0
2013-12-03 00:00:00 UTC,1169.8265,14120946436,0
2013-12-04 00:00:00 UTC,1270.5162,15342181899,0
2013-12-05 00:00:00 UTC,1149.3159,13883506209,0
2013-12-06 00:00:00 UTC,916.3071,11073250596,0
2013-12-07 00:00:00 UTC,762.9923,9224519683,0
2013-12-08 00:00:00 UTC,872.1152,10547579258,0
2013-12-09 00:00:00 UTC,986.393,11934714145,0
2013-12-10 00:00:00 UTC,1082.5612,13103699661,0
2013-12-11 00:00:00 UTC,977.05,11830658778,0
2013-12-12 00:00:00 UTC,980.9474,11881897049,0
2013-12-13 00:00:00 UTC,1002.2347,12144052804,0
2013-12-14 00:00:00 UTC,968.0152,11733796247,0
2013-12-15 00:00:00 UTC,981.7963,11905679198,0
2013-12-16 00:00:00 UTC,796.8575,9666758018,0
2013-12-17 00:00:00 UTC,768.0633,9321197007,0
2013-12-18 00:00:00 UTC,590.1415,7165070240,0
2013-12-19 00:00:00 UTC,788.2277,9574345698,0
2013-12-20 00:00:00 UTC,698.0967,8483166383,0
2013-12-21 00:00:00 UTC,682.5187,8296663191,0
2013-12-22 00:00:00 UTC,692.5721,8421590164,0
2013-12-23 00:00:00 UTC,753.6597,9167573115,0
2013-12-24 00:00:00 UTC,748.2561,9105116940,0
2013-12-25 00:00:00 UTC,770.1333,9374563114,0
2013-12-26 00:00:00 UTC,860.465,10477731724,0
2013-12-27 00:00:00 UTC,841.9431,10256087776,72102765.5
2013-12-28 00:00:00 UTC,823.6446,10036521273,31350690.95
2013-12-29 00:00:00 UTC,841.1013,10252541214,31281577.01
2013-12-30 00:00:00 UTC,847.39,10329620546,27540397.84
2013-12-31 00:00:00 UTC,855.0585,10423098986,24801067.13
2014-01-01 00:00:00 UTC,866.5822,10563572025,26467475.15
2014-01-02 00:00:00 UTC,907.3657,11060719830,19776632.86
2014-01-03 00:00:00 UTC,927.8158,11310005016,60887947
2014-01-04 00:00:00 UTC,960.2248,11705068295,41099326.72
2014-01-05 00:00:00 UTC,1049.5406,12793821198,71248579.78
2014-01-06 00:00:00 UTC,1061.4048,12938444907,100412353.6
2014-01-07 00:00:00 UTC,908.6793,11112693499,88249196.52
2014-01-08 00:00:00 UTC,967.4137,11835726171,90080880.39
2014-01-09 00:00:00 UTC,967.6227,11843290609,66694059.97
2014-01-10 00:00:00 UTC,983.392,12040872911,33903957.06
2014-01-11 00:00:00 UTC,1034.8219,12676024994,55184141.19
2014-01-12 00:00:00 UTC,971.1677,11901198859,44974205.77
2014-01-13 00:00:00 UTC,947.4823,11615161829,48390932.42
2014-01-14 00:00:00 UTC,951.1477,11663805352,26636675.41
2014-01-15 00:00:00 UTC,981.8443,12044725858,32635790.66
2014-01-16 00:00:00 UTC,960.8334,11791587693,21464131.6
2014-01-17 00:00:00 UTC,943.1651,11578389084,45558273.85
2014-01-18 00:00:00 UTC,960.9479,11800968733,20652028.76
2014-01-19 00:00:00 UTC,1001.2294,12295822923,20993003.33
2014-01-20 00:00:00 UTC,987.6852,12133515145,28888613.11
2014-01-21 00:00:00 UTC,992.592,12198682717,30568345.25
2014-01-22 00:00:00 UTC,976.1771,12001511738,20177275.85
2014-01-23 00:00:00 UTC,974.7439,11988813860,21189749.53
2014-01-24 00:00:00 UTC,950.2387,11691523161,23718349.18
2014-01-25 00:00:00 UTC,992.3575,12214283435,39160364.56
2014-01-26 00:00:00 UTC,1012.345,12464447196,26896867.17
2014-01-27 00:00:00 UTC,932.0555,11479428552,34005718.75
2014-01-28 00:00:00 UTC,948.1867,11682750559,75511660.69
2014-01-29 00:00:00 UTC,958.1437,11809121103,39188118.38
2014-01-30 00:00:00 UTC,962.3731,11865025772,19151244.71
2014-01-31 00:00:00 UTC,968.9309,11950139692,36850245.23
2014-02-01 00:00:00 UTC,974.3682,12021852288,17230629.31
2014-02-02 00:00:00 UTC,975.1409,12035993479,22556684.01
2014-02-03 00:00:00 UTC,967.6201,11947785947,15178709.07
2014-02-04 00:00:00 UTC,944.5054,11666341800,16820584.06
2014-02-05 00:00:00 UTC,920.4669,11373726238,17398831.69
2014-02-06 00:00:00 UTC,875.3487,10819725723,51582706.68
2014-02-07 00:00:00 UTC,785.3996,9711269704,71572603.62
2014-02-08 00:00:00 UTC,755.6285,9346425589,93634132.98
2014-02-09 00:00:00 UTC,761.6624,9424201208,39512108.23
2014-02-10 00:00:00 UTC,759.9084,9405120298,42452395.98
2014-02-11 00:00:00 UTC,741.0794,9175266997,129450988.3
2014-02-12 00:00:00 UTC,718.9438,8904748038,72381970.61
2014-02-13 00:00:00 UTC,666.6865,8260562411,19542235.89
2014-02-14 00:00:00 UTC,726.8453,9009229323,105975319.9
2014-02-15 00:00:00 UTC,714.5104,8859643156,63620156.88
2014-02-16 00:00:00 UTC,674.3545,8364979818,26480814.18
2014-02-17 00:00:00 UTC,687.8447,8535344509,51727597.5
2014-02-18 00:00:00 UTC,688.5666,8547056706,24310308.67
2014-02-19 00:00:00 UTC,686.4426,8524055435,14675406.37
2014-02-20 00:00:00 UTC,613.1114,7616177106,36900244.18
2014-02-21 00:00:00 UTC,633.9123,7877216109,60980677.18
2014-02-22 00:00:00 UTC,673.7605,8374994611,25574016.47
2014-02-23 00:00:00 UTC,674.2628,8384306209,48262115.73
2014-02-24 00:00:00 UTC,603.4413,7506387363,49791629.62
2014-02-25 00:00:00 UTC,593.0082,7379230964,134647558.9
2014-02-26 00:00:00 UTC,643.7974,8014070510,85165458.33
2014-02-27 00:00:00 UTC,643.2846,8010839206,41935072.2
2014-02-28 00:00:00 UTC,609.2836,7590180911,26477841.07
2014-03-01 00:00:00 UTC,631.5211,7869589672,25823914.89
2014-03-02 00:00:00 UTC,629.1575,7842495424,12490012.05
2014-03-03 00:00:00 UTC,740.0546,9227537293,41753284.49
2014-03-04 00:00:00 UTC,741.2927,9245717604,94583018.18
2014-03-05 00:00:00 UTC,736.5822,9190170378,30153833.81
2014-03-06 00:00:00 UTC,725.3347,9052775457,18461433.1
2014-03-07 00:00:00 UTC,690.0653,8615517026,33321164.21
2014-03-08 00:00:00 UTC,678.3907,8472709768,23732615.65
2014-03-09 00:00:00 UTC,699.2456,8736024904,17024718.39
2014-03-10 00:00:00 UTC,693.4587,8666569449,18337241.93
2014-03-11 00:00:00 UTC,700.874,8762169051,14082264.5
2014-03-12 00:00:00 UTC,702.1772,8781445618,22896718.97
2014-03-13 00:00:00 UTC,706.0428,8832824892,14215874.51
2014-03-14 00:00:00 UTC,693.9009,8683389125,13157746.07
2014-03-15 00:00:00 UTC,701.6093,8782867999,6557820.854
2014-03-16 00:00:00 UTC,699.1728,8755146677,5368865.248
2014-03-17 00:00:00 UTC,683.7485,8565078147,14658761.86
2014-03-18 00:00:00 UTC,671.9278,8419389719,25465434.27
2014-03-19 00:00:00 UTC,673.8512,8446118326,16803904.7
2014-03-20 00:00:00 UTC,649.0745,8138388165,21978769.59
2014-03-21 00:00:00 UTC,628.3829,7881665329,41064713.47
2014-03-22 00:00:00 UTC,621.3931,7796712435,19911883.21
2014-03-23 00:00:00 UTC,617.1525,7746791327,11177199.5
2014-03-24 00:00:00 UTC,642.1306,8063506850,19312531.4
2014-03-25 00:00:00 UTC,635.6602,7984559555,20333597.34
2014-03-26 00:00:00 UTC,628.049,7890886142,18895136.18
2014-03-27 00:00:00 UTC,516.4347,6489854123,20303569.64
2014-03-28 00:00:00 UTC,543.334,6830224547,85839395.38
2014-03-29 00:00:00 UTC,533.2714,6706594439,28463924.45
2014-03-30 00:00:00 UTC,499.3798,6282547450,18987224.68
2014-03-31 00:00:00 UTC,494.7318,6226137861,61477645.15
2014-04-01 00:00:00 UTC,,,34268125.73
2014-04-02 00:00:00 UTC,,,30847579.51
2014-04-03 00:00:00 UTC,,,67167516.14
2014-04-04 00:00:00 UTC,,,33750871.25
2014-04-05 00:00:00 UTC,,,19306020.92
2014-04-06 00:00:00 UTC,,,10666518.56
2014-04-07 00:00:00 UTC,481.411,6073625600,10308527.25
2014-04-08 00:00:00 UTC,,,14503757.11
2014-04-09 00:00:00 UTC,,,7421385.665
2014-04-10 00:00:00 UTC,,,50964572.42
2014-04-11 00:00:00 UTC,,,67114382.63
2014-04-12 00:00:00 UTC,,,20069804.55
2014-04-13 00:00:00 UTC,,,22090991.39
2014-04-14 00:00:00 UTC,,,51164574.3
2014-04-15 00:00:00 UTC,,,52218467.19
2014-04-16 00:00:00 UTC,,,58902678.65
2014-04-17 00:00:00 UTC,,,34929132.02
2014-04-18 00:00:00 UTC,,,19117355.11
2014-04-19 00:00:00 UTC,,,19233276.01
2014-04-20 00:00:00 UTC,,,10614399.71
2014-04-21 00:00:00 UTC,,,14018249.62
2014-04-22 00:00:00 UTC,,,10423508.05
2014-04-23 00:00:00 UTC,,,9046062.48
2014-04-24 00:00:00 UTC,,,10393357.73
2014-04-25 00:00:00 UTC,,,47568437.63
2014-04-26 00:00:00 UTC,,,12999271.83
2014-04-27 00:00:00 UTC,,,10325238.22
2014-04-28 00:00:00 UTC,,,22451390.92
2014-04-29 00:00:00 UTC,,,16232214.53
2014-04-30 00:00:00 UTC,,,14089043.95
2014-05-01 00:00:00 UTC,,,12927647.51
2014-05-02 00:00:00 UTC,,,8864347.192
2014-05-03 00:00:00 UTC,,,10251026.85
2014-05-04 00:00:00 UTC,,,5635428.158
2014-05-05 00:00:00 UTC,,,9250643.215
2014-05-06 00:00:00 UTC,,,11585831.05
2014-05-07 00:00:00 UTC,,,17447102.47
2014-05-08 00:00:00 UTC,,,9020409.75
2014-05-09 00:00:00 UTC,,,9436967.607
2014-05-10 00:00:00 UTC,,,5909525.158
2014-05-11 00:00:00 UTC,,,12320091.36
2014-05-12 00:00:00 UTC,,,6294412.352
2014-05-13 00:00:00 UTC,,,6006211.07
2014-05-14 00:00:00 UTC,,,7172799.847
2014-05-15 00:00:00 UTC,,,6648947.635
2014-05-16 00:00:00 UTC,,,5651246.915
2014-05-17 00:00:00 UTC,,,2825151.67
2014-05-18 00:00:00 UTC,,,8366618.377
2014-05-19 00:00:00 UTC,,,12553111.59
2014-05-20 00:00:00 UTC,,,64588505.66
2014-05-21 00:00:00 UTC,,,21772593.3
2014-05-22 00:00:00 UTC,,,31375179.11
2014-05-23 00:00:00 UTC,,,32431676.74
2014-05-24 00:00:00 UTC,,,11141614.49
2014-05-25 00:00:00 UTC,,,47414794.76
2014-05-26 00:00:00 UTC,,,28434454.59
2014-05-27 00:00:00 UTC,,,35714731.65
2014-05-28 00:00:00 UTC,,,17131088.47
2014-05-29 00:00:00 UTC,,,15437618.41
2014-05-30 00:00:00 UTC,,,45060877.62
2014-05-31 00:00:00 UTC,,,20127587.34
2014-06-01 00:00:00 UTC,,,56545668.05
2014-06-02 00:00:00 UTC,,,44670115.61
2014-06-03 00:00:00 UTC,,,40286191.69
2014-06-04 00:00:00 UTC,,,46805901.84
2014-06-05 00:00:00 UTC,,,26491983.29
2014-06-06 00:00:00 UTC,,,14964270.93
2014-06-07 00:00:00 UTC,,,13901096.14
2014-06-08 00:00:00 UTC,,,7346819.118
2014-06-09 00:00:00 UTC,690.0516,8884397099,16252103.26
2014-06-10 00:00:00 UTC,693.4147,8930799958,14634716.44
2014-06-11 00:00:00 UTC,668.7435,8615439229,21978311.03
2014-06-12 00:00:00 UTC,617.3317,7955692518,44660873.46
2014-06-13 00:00:00 UTC,635.4009,8191238932,40549103.57
2014-06-14 00:00:00 UTC,608.0383,7841155510,36004834.52
2014-06-15 00:00:00 UTC,629.6662,8123087521,20913902.76
2014-06-16 00:00:00 UTC,625.4783,8071953831,27238677.76
2014-06-17 00:00:00 UTC,650.4847,8397692429,15068481.04
2014-06-18 00:00:00 UTC,644.4195,8321920650,15951657.94
2014-06-19 00:00:00 UTC,630.0981,8139559998,11963422.71
2014-06-20 00:00:00 UTC,626.8743,8100939860,15829715.2
2014-06-21 00:00:00 UTC,629.546,8138392960,8842824.779
2014-06-22 00:00:00 UTC,638.6832,8259035998,10682333.13
2014-06-23 00:00:00 UTC,623.3595,8064012252,11963581.93
2014-06-24 00:00:00 UTC,613.8043,7943256791,12239311.19
2014-06-25 00:00:00 UTC,597.7432,7738248975,19415381.04
2014-06-26 00:00:00 UTC,615.5528,7971408760,13524074.02
2014-06-27 00:00:00 UTC,637.3929,8257265671,21209347.44
2014-06-28 00:00:00 UTC,628.0097,8138660307,14383159.26
2014-06-29 00:00:00 UTC,635.3107,8235834377,9424921.782
2014-06-30 00:00:00 UTC,677.9146,8790366087,49976582.3
2014-07-01 00:00:00 UTC,669.4541,8682836413,40022157
2014-07-02 00:00:00 UTC,685.5492,8893955407,27493708.31
2014-07-03 00:00:00 UTC,685.4496,8895045187,19846835.95
2014-07-04 00:00:00 UTC,669.4546,8690257108,23931189.3
2014-07-05 00:00:00 UTC,670.9806,8712582444,9934627.548
2014-07-06 00:00:00 UTC,674.7377,8763746274,11962604.13
2014-07-07 00:00:00 UTC,659.6049,8569669311,19725391.55
2014-07-08 00:00:00 UTC,659.7694,8574297145,9863690.311
2014-07-09 00:00:00 UTC,659.4264,8570367093,9920681.12
2014-07-10 00:00:00 UTC,654.9556,8512261447,15981015.59
2014-07-11 00:00:00 UTC,671.7364,8730356470,16863637.94
2014-07-12 00:00:00 UTC,674.7165781,8769088951,14127561.34
2014-07-13 00:00:00 UTC,668.6006112,8689601563,12184743.5
2014-07-14 00:00:00 UTC,658.0958878,8553074825,2816820262
2014-07-15 00:00:00 UTC,660.4855,8584131898,11499489.31
2014-07-16 00:00:00 UTC,655.8278,8523597168,14607408.56
2014-07-17 00:00:00 UTC,666.773,8665848649,15668536.92
2014-07-18 00:00:00 UTC,667.5122,8701088278,14996236.82
2014-07-19 00:00:00 UTC,669.1751,8725775634,8165332.085
2014-07-20 00:00:00 UTC,662.9991,8647762461,5093995.965
2014-07-21 00:00:00 UTC,661.628,8632392842,8779007.585
2014-07-22 00:00:00 UTC,659.0201,8600805423,8196232.526
2014-07-23 00:00:00 UTC,654.741,8547316385,9581559.757
2014-07-24 00:00:00 UTC,636.8919,8316534430,26230668.79
2014-07-25 00:00:00 UTC,637.4096,8325015563,21516341.84
2014-07-26 00:00:00 UTC,631.9244,8256471441,12178681.69
2014-07-27 00:00:00 UTC,628.127,8209243014,9894781.972
2014-07-28 00:00:00 UTC,622.3017,8135365682,24580263.84
2014-07-29 00:00:00 UTC,619.791,8104944928,12562133.92
2014-07-30 00:00:00 UTC,600.9195,7860703094,19714439.69
2014-07-31 00:00:00 UTC,627.341812,8208673508,25012785.89
2014-08-01 00:00:00 UTC,637.7236148,8347100621,24620391.97
2014-08-02 00:00:00 UTC,631.6662192,8270390017,9944392.927
2014-08-03 00:00:00 UTC,629.1099859,8239327664,9861913.889
2014-08-04 00:00:00 UTC,628.3381504,8231261187,12136642.43
2014-08-05 00:00:00 UTC,625.9391148,8201993191,14021688.55
2014-08-06 00:00:00 UTC,623.9921,8178960851,13660190.41
2014-08-07 00:00:00 UTC,633.5464109,8306759605,12885207.83
2014-08-08 00:00:00 UTC,637.0092507,8354615201,13235473.42
2014-08-09 00:00:00 UTC,634.0089797,8318229514,8554184.085
2014-08-10 00:00:00 UTC,634.562576,8328142024,9170383.172
2014-08-11 00:00:00 UTC,618.8923,8125406062,17694906.62
2014-08-12 00:00:00 UTC,612.1226393,8039205562,17072636.39
2014-08-13 00:00:00 UTC,584.2985,7675914787,39383309.97
2014-08-14 00:00:00 UTC,540.691,7105436707,49662437.59
2014-08-15 00:00:00 UTC,528.6947872,6949494717,33425359.65
2014-08-16 00:00:00 UTC,558.9284,7349642969,29972831.08
2014-08-17 00:00:00 UTC,530.9626,6984175848,30687226.6
2014-08-18 00:00:00 UTC,493.2068,6489947989,65160666.3
2014-08-19 00:00:00 UTC,520.5155,6851753733,48565840.53
2014-08-20 00:00:00 UTC,553.7981,7292191862,59368534.66
2014-08-21 00:00:00 UTC,554.4653,7303222869,50661790.43
2014-08-22 00:00:00 UTC,553.6637,7294851446,36665692.54
2014-08-23 00:00:00 UTC,533.0917,7025988678,25750549.77
2014-08-24 00:00:00 UTC,546.5912,7205903097,19911464.94
2014-08-25 00:00:00 UTC,538.5287,7101443335,16937474.07
2014-08-26 00:00:00 UTC,548.6714,7237579305,22874553.73
2014-08-27 00:00:00 UTC,546.7712,7214796346,23036420.03
2014-08-28 00:00:00 UTC,541.7822,7151281238,19737483.63
2014-08-29 00:00:00 UTC,544.2832,7186647337,17141375.25
2014-08-30 00:00:00 UTC,536.9801,7092540557,11507077.49
2014-08-31 00:00:00 UTC,514.5066,6798162843,46472866.75
2014-09-01 00:00:00 UTC,509.7878,6737648693,20724662.01
2014-09-02 00:00:00 UTC,511.8458,6766639864,22733444.77
2014-09-03 00:00:00 UTC,508.1731,6720309752,15236495.25
2014-09-04 00:00:00 UTC,524.0195,6931926453,25259139.53
2014-09-05 00:00:00 UTC,512.1181,6776372305,14991941.58
2014-09-06 00:00:00 UTC,514.383,6808592001,10425997.24
2014-09-07 00:00:00 UTC,513.031,6792697175,8271492.359
2014-09-08 00:00:00 UTC,507.754,6724719364,29765358.48
2014-09-09 00:00:00 UTC,512.3684,6787651616,21959285.75
2014-09-10 00:00:00 UTC,521.4323,6909812267,22723702.72
2014-09-11 00:00:00 UTC,523.1525,6934791831,16010708.6
2014-09-12 00:00:00 UTC,524.1371,6949861395,14822569.33
2014-09-13 00:00:00 UTC,526.6773,6985939876,15498989.6
2014-09-14 00:00:00 UTC,526.965,6991139262,12728872.98
2014-09-15 00:00:00 UTC,523.8533,6952594094,14090496.4
2014-09-16 00:00:00 UTC,509.5528,6764963100,18678213.86
2014-09-17 00:00:00 UTC,508.0884,6747896636,25905298.96
2014-09-18 00:00:00 UTC,471.3654,6262301453,53793454.92
2014-09-19 00:00:00 UTC,440.5901,5855266193,53515304.71
2014-09-20 00:00:00 UTC,457.669,6084320336,53606789.57
2014-09-21 00:00:00 UTC,443.9227,5903350653,36760945.49
2014-09-22 00:00:00 UTC,448.7534,5969463572,27293188.49
2014-09-23 00:00:00 UTC,490.1168,6521567658,64913512.03
2014-09-24 00:00:00 UTC,474.1965,6311531705,36826917.22
2014-09-25 00:00:00 UTC,463.841,6175753014,34941784.77
2014-09-26 00:00:00 UTC,459.6208,6121137890,27046419.59
2014-09-27 00:00:00 UTC,453.9828,6047516228,19047208.12
2014-09-28 00:00:00 UTC,429.5747,5723825133,33709759.2
2014-09-29 00:00:00 UTC,427.9123,5703076063,43203537.24
2014-09-30 00:00:00 UTC,442.6306,5900974107,39445286.13
2014-10-01 00:00:00 UTC,436.0532,5814965646,29787302.05
2014-10-02 00:00:00 UTC,422.6489,5637660846,22581907.77
2014-10-03 00:00:00 UTC,410.6686,5479386862,33527860.44
2014-10-04 00:00:00 UTC,377.952,5044317470,51838766.1
2014-10-05 00:00:00 UTC,375.4195,5012084962,94469427.39
2014-10-06 00:00:00 UTC,375.1,5009329215,86717647.65
2014-10-07 00:00:00 UTC,376.6511,5031343059,49873684.83
2014-10-08 00:00:00 UTC,400.4857,5351169778,57544434.12
2014-10-09 00:00:00 UTC,408.8914,5464946006,91313372.96
2014-10-10 00:00:00 UTC,411.2274,5497781356,48357596.64
2014-10-11 00:00:00 UTC,413.9463,5535600383,37152275.88
2014-10-12 00:00:00 UTC,431.6494,5773968990,35461389.36
2014-10-13 00:00:00 UTC,442.3562,5918880781,63358884.94
2014-10-14 00:00:00 UTC,457.2642,6119898305,81991992.43
2014-10-15 00:00:00 UTC,445.4604,5963556559,55948304.39
2014-10-16 00:00:00 UTC,433.6567,5807183601,55942138.33
2014-10-17 00:00:00 UTC,434.7838,5823765957,43517692.98
2014-10-18 00:00:00 UTC,444.9217,5961394628,50081179.32
2014-10-19 00:00:00 UTC,441.51,5917161171,37505348.39
2014-10-20 00:00:00 UTC,432.1338,5792948049,36624357.59
2014-10-21 00:00:00 UTC,436.0389,5846998224,37850388.32
2014-10-22 00:00:00 UTC,432.5405,5801817116,25396751.53
2014-10-23 00:00:00 UTC,406.5353,5454484120,55187349
2014-10-24 00:00:00 UTC,403.0106,5408825413,37137817.76
2014-10-25 00:00:00 UTC,394.5413837,5296619441,39903738.14
2014-10-26 00:00:00 UTC,397.7734,5341331048,31371150.14
2014-10-27 00:00:00 UTC,395.8762,5317458603,45831285.65
2014-10-28 00:00:00 UTC,397.1063,5335341549,29952386.18
2014-10-29 00:00:00 UTC,378.785,5090586311,49318181.99
2014-10-30 00:00:00 UTC,389.1443,5231510040,67775313.54
2014-10-31 00:00:00 UTC,382.5588408,5144746930,34693250.09
2014-11-01 00:00:00 UTC,368.2246,4953495403,43837813.85
2014-11-02 00:00:00 UTC,369.5564,4972824830,32749860.04
2014-11-03 00:00:00 UTC,372.9662,5020274238,46934952.56
2014-11-04 00:00:00 UTC,374.9585,5048656845,40094164.21
2014-11-05 00:00:00 UTC,393.3881,5298131261,51778772.94
2014-11-06 00:00:00 UTC,406.273,5473228601,50379759.94
2014-11-07 00:00:00 UTC,395.2554,5326264143,46637977.74
2014-11-08 00:00:00 UTC,398.7461,5374858180,35002864.76
2014-11-09 00:00:00 UTC,420.3603485,5667771123,59529004.36
2014-11-10 00:00:00 UTC,421.8652,5689632673,72221110.47
2014-11-11 00:00:00 UTC,421.3295,5683756021,52563802.23
2014-11-12 00:00:00 UTC,480.363,6481874213,269249040.9
2014-11-13 00:00:00 UTC,477.071,6439146555,389805042
2014-11-14 00:00:00 UTC,451.7251,6098763161,301153840.4
2014-11-15 00:00:00 UTC,431.4937,5827160608,113417006.7
2014-11-16 00:00:00 UTC,442.26,5974236041,109224923.5
2014-11-17 00:00:00 UTC,441.7424,5968845396,175393296.7
2014-11-18 00:00:00 UTC,430.0505,5812498050,125550757.3
2014-11-19 00:00:00 UTC,437.3088,5912141658,97919202.81
2014-11-20 00:00:00 UTC,412.4599995,5577583146,108773206.6
2014-11-21 00:00:00 UTC,402.9355832,5450076478,116046199.1
2014-11-22 00:00:00 UTC,405.4307,5485416556,79409700.42
2014-11-23 00:00:00 UTC,422.8453,5722524012,81926178.81
2014-11-24 00:00:00 UTC,438.4338,5935122194,135622710.2
2014-11-25 00:00:00 UTC,439.9715,5957379099,135504091.5
2014-11-26 00:00:00 UTC,428.2438,5800037672,108045257.3
2014-11-27 00:00:00 UTC,431.9007,5851034366,83196912.3
2014-11-28 00:00:00 UTC,443.1489,6005121823,107279760.2
2014-11-29 00:00:00 UTC,440.9842,5977551856,118727038.9
2014-11-30 00:00:00 UTC,444.1679,6022428139,88400049.22
2014-12-01 00:00:00 UTC,446.6985,6058203229,75476967.19
2014-12-02 00:00:00 UTC,451.518,6125259324,79134410.09
2014-12-03 00:00:00 UTC,444.9251,6037144189,88928304.95
2014-12-04 00:00:00 UTC,438.52,5951812700,74596934
2014-12-05 00:00:00 UTC,450.7214,6119185283,69285472.66
2014-12-06 00:00:00 UTC,447.4785,6076657347,57994617.28
2014-12-07 00:00:00 UTC,448.6804,6094403439,46149652.62
2014-12-08 00:00:00 UTC,435.6974,5919831466,80276898.37
2014-12-09 00:00:00 UTC,423.1445,5750724170,107224472
2014-12-10 00:00:00 UTC,417.1301459,5670540202,71766115.98
2014-12-11 00:00:00 UTC,419.4973,5704208924,143298807.8
2014-12-12 00:00:00 UTC,426.3401,5798673017,61492348.55
2014-12-13 00:00:00 UTC,421.2407,5730990255,46956868.15
2014-12-14 00:00:00 UTC,424.4943,5776635170,53774073.31
2014-12-15 00:00:00 UTC,419.5266,5710659008,37305565.04
2014-12-16 00:00:00 UTC,399.6518,5441499048,87340949.47
2014-12-17 00:00:00 UTC,392.3258,5342996797,93814555.95
2014-12-18 00:00:00 UTC,378.9578,5162229469,111297771.4
2014-12-19 00:00:00 UTC,389.9585,5313291801,74429916.94
2014-12-20 00:00:00 UTC,403.8127,5502695091,79010696.68
2014-12-21 00:00:00 UTC,392.5332,5348991036,71288212.09
2014-12-22 00:00:00 UTC,405.6754,5531739045,62872968.87
2014-12-23 00:00:00 UTC,411.854,5617667967,72231120.4
2014-12-24 00:00:00 UTC,397.2536,5420028805,46821550.61
2014-12-25 00:00:00 UTC,391.9082,5348645541,92829872.19
2014-12-26 00:00:00 UTC,403.4523641,5507750122,114808065.5
2014-12-27 00:00:00 UTC,387.2647,5288235021,179571907.7
2014-12-28 00:00:00 UTC,389.8048,5324119625,82583844.33
2014-12-29 00:00:00 UTC,384.2266,5249860938,122250290.3
2014-12-30 00:00:00 UTC,379.0601,5180794440,87540284.67
2014-12-31 00:00:00 UTC,388.4696,5310835884,86947686.4
2015-01-01 00:00:00 UTC,384.2502,5254765579,57515844.51
2015-01-02 00:00:00 UTC,388.7264,5317563352,48034691.41
2015-01-03 00:00:00 UTC,354.2081,4846868523,146812888.8
2015-01-04 00:00:00 UTC,322.6859,4416860062,254131283.2
2015-01-05 00:00:00 UTC,337.8436,4625695449,191708654
2015-01-06 00:00:00 UTC,353.3406,4839264522,120105845.3
2015-01-07 00:00:00 UTC,366.3369,5018549936,137032185.9
2015-01-08 00:00:00 UTC,350.3601,4800949414,106628926.2
2015-01-09 00:00:00 UTC,353.1007,4839712952,101791949.3
2015-01-10 00:00:00 UTC,334.9476,4592206959,113080133.6
2015-01-11 00:00:00 UTC,325.1171,4458704677,89140884.88
2015-01-12 00:00:00 UTC,328.9394448,4512243281,96813902.86
2015-01-13 00:00:00 UTC,271.1889,3720894761,264228071.3
2015-01-14 00:00:00 UTC,212.6268,2918191201,291501646.8
2015-01-15 00:00:00 UTC,256.9117,3526896663,314358764.4
2015-01-16 00:00:00 UTC,250.0361,3433401962,214078243.8
2015-01-17 00:00:00 UTC,242.4043,3329429121,129326119.7
2015-01-18 00:00:00 UTC,254.2043,3492500167,144337402.2
2015-01-19 00:00:00 UTC,261.5106,3593802883,128650035.6
2015-01-20 00:00:00 UTC,257.7966,3543556055,115495326.4
2015-01-21 00:00:00 UTC,276.6213,3803307747,122437659.3
2015-01-22 00:00:00 UTC,289.4737,3981037717,188659889.9
2015-01-23 00:00:00 UTC,294.4012,4049709307,159322119.5
2015-01-24 00:00:00 UTC,313.6127,4314957938,170566275.4
2015-01-25 00:00:00 UTC,322.2269,4434478542,180798769.2
2015-01-26 00:00:00 UTC,341.7637,4704445683,506124478.6
2015-01-27 00:00:00 UTC,326.6493,4496768591,428355517
2015-01-29 00:00:00 UTC,299.5195399,4126488189,208631294.6
2015-01-30 00:00:00 UTC,294.5487,4059020997,136342993.7
2015-01-31 00:00:00 UTC,280.6869,3869128573,119033539.1
2015-02-01 00:00:00 UTC,291.7302,4022492690,130018669.4
2015-02-02 00:00:00 UTC,307.9104,4246854192,138604767.6
2015-02-03 00:00:00 UTC,290.5115,4007816763,174542242.9
2015-02-04 00:00:00 UTC,290.4929,4008700347,107213466.4
2015-02-05 00:00:00 UTC,277.9146,3836201129,94992619.03
2015-02-06 00:00:00 UTC,285.0913,3936505034,112973057.8
2015-02-07 00:00:00 UTC,291.4232,4025129953,103501859.7
2015-02-08 00:00:00 UTC,286.9998,3964966812,99113602.43
2015-02-09 00:00:00 UTC,282.305,3901292775,101528977.9
2015-02-10 00:00:00 UTC,283.9504,3924996688,85846815.87
2015-02-11 00:00:00 UTC,283.6223,3921624270,84338711.78
2015-02-12 00:00:00 UTC,287.2055467,3972045531,66785824.42
2015-02-13 00:00:00 UTC,303.4857,4198277018,176476172.4
2015-02-14 00:00:00 UTC,333.9316,4620795212,213290674.9
2015-02-15 00:00:00 UTC,299.8818,4150693982,257368920.1
2015-02-16 00:00:00 UTC,303.7063,4204798538,166034683.8
2015-02-17 00:00:00 UTC,310.2006,4295898314,155407827.6
2015-02-18 00:00:00 UTC,300.2739,4159619268,113674613.3
2015-02-19 00:00:00 UTC,308.3499,4272812273,91615004.39
2015-02-20 00:00:00 UTC,311.325,4315229126,102654443.8
2015-02-21 00:00:00 UTC,311.2751,4315665842,81779833.04
2015-02-22 00:00:00 UTC,300.3752,4165670858,94594317.78
2015-02-23 00:00:00 UTC,305.3298,4235466286,79182399.34
2015-02-24 00:00:00 UTC,305.0047,4231947838,75036495.42
2015-02-25 00:00:00 UTC,301.0601,4178420654,73033004.16
2015-02-26 00:00:00 UTC,302.8490933,4204355536,57693315.64
2015-02-27 00:00:00 UTC,325.1173,4514757642,175667037.6
2015-02-28 00:00:00 UTC,324.7004,4510104791,109963753.3
2015-03-01 00:00:00 UTC,330.1903,4587507188,74448968.42
2015-03-02 00:00:00 UTC,347.8092,4833687052,120666148.5
2015-03-03 00:00:00 UTC,359.087,4991829976,164754979.9
2015-03-04 00:00:00 UTC,348.4487,4845205307,152584114
2015-03-05 00:00:00 UTC,353.1864,4912195918,126640555.2
2015-03-06 00:00:00 UTC,353.0066,4910992519,96831361.02
2015-03-07 00:00:00 UTC,357.1532126,4969938743,64876550.66
2015-03-08 00:00:00 UTC,356.1011,4955538518,58426237.33
2015-03-09 00:00:00 UTC,375.7326,5231249843,144245721.8
2015-03-10 00:00:00 UTC,380.4392,5298291140,169425588.9
2015-03-11 00:00:00 UTC,389.5847,5426096743,97138272.96
2015-03-12 00:00:00 UTC,381.5479,5316469361,84738928.75
2015-03-13 00:00:00 UTC,377.1553,5256620852,88697947.41
2015-03-14 00:00:00 UTC,368.5816,5138350013,82812011.33
2015-03-15 00:00:00 UTC,374.064,5216126096,42228671.39
2015-03-16 00:00:00 UTC,379.5209,5293472121,79566222.61
2015-03-17 00:00:00 UTC,373.2334,5207044479,66338401.76
2015-03-18 00:00:00 UTC,329.8026,4602387038,159541063.9
2015-03-19 00:00:00 UTC,339.9744,4745498665,174161640.6
2015-03-20 00:00:00 UTC,335.584,4685331522,76407109.09
2015-03-21 00:00:00 UTC,333.8069,4661780262,69656074.61
2015-03-22 00:00:00 UTC,343.676,4800853004,66096251.47
2015-03-23 00:00:00 UTC,336.8851,4707194437,92495453.7
2015-03-24 00:00:00 UTC,310.868,4345025351,195257745.8
2015-03-25 00:00:00 UTC,314.1149,4391624711,224326642.9
2015-03-26 00:00:00 UTC,316.2147,4422143999,189907509.6
2015-03-27 00:00:00 UTC,318.8572,4460509314,116533911.9
2015-03-28 00:00:00 UTC,325.1817,4549243206,105954475.6
2015-03-29 00:00:00 UTC,312.6067,4373320842,109157855.4
2015-03-30 00:00:00 UTC,322.0159,4504954139,126226778.8
2015-03-31 00:00:00 UTC,319.5718,4470761546,100554396.2
2015-04-01 00:00:00 UTC,324.5758,4546381917,102894430.4
2015-04-02 00:00:00 UTC,332.5695,4659722721,125475617.8
2015-04-03 00:00:00 UTC,332.226,4656147390,123451392
2015-04-04 00:00:00 UTC,331.8311,4651857233,83781461.97
2015-04-05 00:00:00 UTC,340.429,4773648631,108755777.8
2015-04-06 00:00:00 UTC,336.2052,4715488058,110345965
2015-04-07 00:00:00 UTC,331.3109,4647463650,115808432.7
2015-04-08 00:00:00 UTC,317.7498,4458871731,138599465.3
2015-04-09 00:00:00 UTC,315.8618934,4433445432,121759022.9
2015-04-10 00:00:00 UTC,305.2186,4284986817,144082260.1
2015-04-11 00:00:00 UTC,307.7734,4320853846,114069403.3
2015-04-12 00:00:00 UTC,307.2365,4313316266,81158308.38
2015-04-13 00:00:00 UTC,295.2153,4147885671,115737198.2
2015-04-14 00:00:00 UTC,285.9698,4019055315,143692827.9
2015-04-15 00:00:00 UTC,290.4633,4083078916,93239695.17
2015-04-16 00:00:00 UTC,292.719,4115760864,113584455.3
2015-04-17 00:00:00 UTC,285.6981776,4017944890,130232600.5
2015-04-18 00:00:00 UTC,286.4384,4029429226,90144534.36
2015-04-19 00:00:00 UTC,285.3726,4015342303,75140077.35
2015-04-20 00:00:00 UTC,290.3852,4087135392,82285282.84
2015-04-21 00:00:00 UTC,304.4128,4285721267,104758991.9
2015-04-22 00:00:00 UTC,301.74,4249238463,93595630.32
2015-04-23 00:00:00 UTC,302.2788,4257793379,70861045.3
2015-04-24 00:00:00 UTC,295.2892,4160233570,93683365.49
2015-04-25 00:00:00 UTC,288.7195,4068873388,75171410.8
2015-04-26 00:00:00 UTC,279.1958,3935683595,123941312.7
2015-04-27 00:00:00 UTC,291.1409,4105035740,121527050.1
2015-04-28 00:00:00 UTC,281.3491,3968084403,89331499.94
2015-04-29 00:00:00 UTC,282.5797,3986337699,70997832.69
2015-04-30 00:00:00 UTC,298.9415,4218116880,131342755.9
2015-05-01 00:00:00 UTC,296.4722,4184408631,95165913.09
2015-05-02 00:00:00 UTC,299.4979,4228206528,78239805.6
2015-05-03 00:00:00 UTC,306.2324,4324368967,110592485.2
2015-05-04 00:00:00 UTC,304.8393,4305641725,107329981.6
2015-05-05 00:00:00 UTC,297.5593,4203940107,90618705.77
2015-05-06 00:00:00 UTC,288.2866,4072985156,88591730.09
2015-05-07 00:00:00 UTC,299.4656,4230924863,94687932.74
2015-05-08 00:00:00 UTC,306.9588,4336790666,100635685.2
2015-05-09 00:00:00 UTC,304.2819,4298970754,100190658.3
2015-05-10 00:00:00 UTC,302.2888,4270811739,85568717.2
2015-05-11 00:00:00 UTC,306.5169,4330547392,89714633.23
2015-05-12 00:00:00 UTC,302.5671,4274743631,76272183.57
2015-05-13 00:00:00 UTC,291.1772,4113824276,61951160.83
2015-05-14 00:00:00 UTC,292.9692,4139142100,70518271.5
2015-05-15 00:00:00 UTC,295.0295,4168250533,48869906.62
2015-05-16 00:00:00 UTC,293.6586,4148882115,33420649.96
2015-05-17 00:00:00 UTC,293.7687,4150437636,30363794.57
2015-05-18 00:00:00 UTC,290.9433,4110519678,42266655.93
2015-05-19 00:00:00 UTC,292.9523,4138903332,39261222.49
2015-05-20 00:00:00 UTC,297.2988,4200311771,36555181.13
2015-05-21 00:00:00 UTC,298.1947,4212969270,34672159.51
2015-05-22 00:00:00 UTC,307.5248,4363984491,69586280.2
2015-05-23 00:00:00 UTC,305.2704913,4332826192,60991512.2
2015-05-24 00:00:00 UTC,308.4125,4378555393,38048437.76
2015-05-25 00:00:00 UTC,303.3356,4307532355,39391767.8
2015-05-26 00:00:00 UTC,306.8059,4357894014,39102382.72
2015-05-27 00:00:00 UTC,306.8783,4359996463,39750333.2
2015-05-28 00:00:00 UTC,310.1703,4407791362,35003300.06
2015-05-29 00:00:00 UTC,310.1321,4408489035,40695413.84
2015-05-30 00:00:00 UTC,305.404,4342295153,41081745.59
2015-05-31 00:00:00 UTC,300.622,4275370929,30567605.91
2015-06-01 00:00:00 UTC,293.4179,4173913640,57289141.21
2015-06-02 00:00:00 UTC,290.5643,4134424896,41269580.57
2015-06-03 00:00:00 UTC,290.0288,4126921305,39195019.37
2015-06-04 00:00:00 UTC,292.0077,4155079766,37779088.49
2015-06-05 00:00:00 UTC,294.7149,4193601462,42294623.98
2015-06-06 00:00:00 UTC,295.433,4203819559,23917018.28
2015-06-07 00:00:00 UTC,293.3049,4173538079,31655059.93
2015-06-08 00:00:00 UTC,297.3862,4231612325,52598066.87
2015-06-09 00:00:00 UTC,298.5073,4247564849,47790602.22
2015-06-10 00:00:00 UTC,295.905,4210535812,37723050.04
2015-06-11 00:00:00 UTC,296.6582,4221253358,37200257.31
2015-06-12 00:00:00 UTC,298.1567,4242576039,38443433.78
2015-06-13 00:00:00 UTC,300.8884,4281446355,37525113.59
2015-06-14 00:00:00 UTC,302.0887,4298525843,45640328.94
2015-06-15 00:00:00 UTC,305.6,4348489360,60345741.68
2015-06-16 00:00:00 UTC,323.1066,4597596899,124307790.1
2015-06-17 00:00:00 UTC,320.1567,4555621739,130069083.4
2015-06-18 00:00:00 UTC,318.4091,4530754527,86292643.52
2015-06-19 00:00:00 UTC,312.5827,4447848642,78169447.9
2015-06-20 00:00:00 UTC,315.8924,4494943522,71668656.14
2015-06-21 00:00:00 UTC,314.1544,4492015227,34160854.46
2015-06-22 00:00:00 UTC,319.8993,4575327748,53256568.75
2015-06-23 00:00:00 UTC,315.1316,4508272670,48316805.39
2015-06-24 00:00:00 UTC,312.2092,4467643405,51420467.29
2015-06-25 00:00:00 UTC,313.3916,4485777675,44259052.96
2015-06-26 00:00:00 UTC,316.7289,4534758108,44418065.39
2015-06-27 00:00:00 UTC,327.3874,4688424924,64113560.97
2015-06-28 00:00:00 UTC,325.8971,4668247830,53176691.07
2015-06-29 00:00:00 UTC,333.937263,4784569620,95369056.48
2015-06-30 00:00:00 UTC,340.828642,4884551600,129747180.1
2015-07-01 00:00:00 UTC,336.9155,4829616309,89107233.06
2015-07-02 00:00:00 UTC,333.5199021,4782250158,69035792.34
2015-07-03 00:00:00 UTC,339.3715,4867478160,56312477.24
2015-07-04 00:00:00 UTC,346.3595,4969020590,57102077.64
2015-07-05 00:00:00 UTC,361.9786271,5194402349,128396537.7
2015-07-06 00:00:00 UTC,358.2944,5143119050,149249485.2
2015-07-07 00:00:00 UTC,356.465155,5118108872,86970953.77
2015-07-08 00:00:00 UTC,363.1505119,5215277131,106901017
2015-07-09 00:00:00 UTC,360.625,5180188797,101847615.4
2015-07-10 00:00:00 UTC,382.7253,5499427676,152809039.2
2015-07-11 00:00:00 UTC,392.0297188,5634584344,153639676.8
2015-07-12 00:00:00 UTC,417.4992282,6002021092,155518413.8
2015-07-13 00:00:00 UTC,392.7745,5648018755,175747610.6
2015-07-14 00:00:00 UTC,384.6737,5531790526,99898430.06
2015-07-15 00:00:00 UTC,384.6713588,5533622515,71708213.05
2015-07-16 00:00:00 UTC,373.6437,5376919665,131566075.6
2015-07-17 00:00:00 UTC,377.3865,5432252236,82118713.36
2015-07-18 00:00:00 UTC,372.2139,5357916732,71199979.17
2015-07-19 00:00:00 UTC,369.7816846,5322905659,36456842.22
2015-07-20 00:00:00 UTC,375.8864,5414784549,55220596.09
2015-07-21 00:00:00 UTC,370.3568104,5336471281,58244489.76
2015-07-22 00:00:00 UTC,373.7426,5386686689,58516775.57
2015-07-23 00:00:00 UTC,374.6144,5400516113,46436558.2
2015-07-24 00:00:00 UTC,396.0282567,5710093816,109009126.1
2015-07-25 00:00:00 UTC,395.9505372,5708973226,75321554.19
2015-07-26 00:00:00 UTC,400.9303024,5780773472,55319135.6
2015-07-27 00:00:00 UTC,402.3714,5801551794,87373427.99
2015-07-28 00:00:00 UTC,400.3387,5772243512,86637994.65
2015-07-29 00:00:00 UTC,395.6049533,5703990459,72106638.57
2015-07-30 00:00:00 UTC,393.4345,5672695995,60187400.26
2015-07-31 00:00:00 UTC,388.316837,5598907482,87569059.53
2015-08-01 00:00:00 UTC,384.2519,5540297595,73282297.66
2015-08-02 00:00:00 UTC,385.4413,5557446840,63160873.74
2015-08-03 00:00:00 UTC,387.3550353,5585039841,56917351.69
2015-08-04 00:00:00 UTC,385.2567,5554785203,65477482.56
2015-08-05 00:00:00 UTC,382.7371998,5518458042,59061996.59
2015-08-06 00:00:00 UTC,378.6301,5459240234,57083373.61
2015-08-07 00:00:00 UTC,375.4058137,5412751184,64211182.42
2015-08-08 00:00:00 UTC,350.1591048,5048734037,107899671.6
2015-08-09 00:00:00 UTC,356.6692198,5142599479,91567095.21
2015-08-10 00:00:00 UTC,355.6421,5150693406,82013979.07
2015-08-11 00:00:00 UTC,369.2322,5349122266,87735784.16
2015-08-12 00:00:00 UTC,362.6483,5254837330,98946176.73
2015-08-13 00:00:00 UTC,357.9633867,5188312378,77610352.46
2015-08-14 00:00:00 UTC,359.2965,5208874062,83046315.22
2015-08-15 00:00:00 UTC,353.0420344,5119427236,51682990.69
2015-08-16 00:00:00 UTC,349.545,5069923021,75745479.28
2015-08-17 00:00:00 UTC,348.506,5056125048,70131793.49
2015-08-18 00:00:00 UTC,345.1231,5007908743,67957944.83
2015-08-19 00:00:00 UTC,307.4024,4462091852,195071830.7
2015-08-20 00:00:00 UTC,319.8457,4643879699,135845132.4
2015-08-21 00:00:00 UTC,317.2908,4608109476,84918030.03
2015-08-22 00:00:00 UTC,312.9431,4546194826,139749444.2
2015-08-23 00:00:00 UTC,311.7737,4530282308,99420808.72
2015-08-24 00:00:00 UTC,294.140388,4275154055,195136452.3
2015-08-25 00:00:00 UTC,310.1412,4508825012,257024341
2015-08-26 00:00:00 UTC,316.2309,4598613936,202539198.4
2015-08-27 00:00:00 UTC,310.9118,4522289859,97469627.34
2015-08-28 00:00:00 UTC,322.9574,4698755656,132628364.4
2015-08-29 00:00:00 UTC,318.4357,4634266390,78963924.59
2015-08-30 00:00:00 UTC,319.4678,4650484778,76503037.07
2015-08-31 00:00:00 UTC,323.3402,4708124318,81556478.95
2015-09-01 00:00:00 UTC,323.5513,4712451885,87565808.26
2015-09-02 00:00:00 UTC,324.2977,4724644547,67771501.98
2015-09-03 00:00:00 UTC,322.87,4704950429,62368237.23
2015-09-04 00:00:00 UTC,332.903,4852502321,79986853.62
2015-09-05 00:00:00 UTC,339.7022,4952841091,84962022.45
2015-09-06 00:00:00 UTC,345.3051,5035756926,101244686.8
2015-09-07 00:00:00 UTC,347.043,5062403002,72634851.83
2015-09-08 00:00:00 UTC,346.4729,5055290804,96384120.76
2015-09-09 00:00:00 UTC,340.8522,4974575954,80209029.79
2015-09-10 00:00:00 UTC,337.4176,4925824575,68579895.32
2015-09-11 00:00:00 UTC,338.4238622,4941893671,62459546.79
2015-09-12 00:00:00 UTC,331.2452,4838225359,57166986.45
2015-09-13 00:00:00 UTC,325.288,4752384490,65272804.09
2015-09-14 00:00:00 UTC,322.6191,4714602283,73037876.38
2015-09-15 00:00:00 UTC,322.358,4712108360,82110650.5
2015-09-16 00:00:00 UTC,317.6685,4644734381,71037544.68
2015-09-17 00:00:00 UTC,324.4828,4744538829,76112364.22
2015-09-18 00:00:00 UTC,323.1105,4726638105,110700270.7
2015-09-19 00:00:00 UTC,321.6639,4706465561,54273437.46
2015-09-20 00:00:00 UTC,320.6446,4692585624,50707618.8
2015-09-21 00:00:00 UTC,317.4687,4647154451,51584031.55
2015-09-22 00:00:00 UTC,324.9396,4757668141,101469430.5
2015-09-23 00:00:00 UTC,328.4032,4809793267,76472144.95
2015-09-24 00:00:00 UTC,333.5221,4885881976,176973625.7
2015-09-25 00:00:00 UTC,334.2996,4898692619,164229631.7
2015-09-26 00:00:00 UTC,333.7238,4891473168,133199622.4
2015-09-27 00:00:00 UTC,331.9251,4866337295,108025698.8
2015-09-28 00:00:00 UTC,342.8629,5027887282,352043632.8
2015-09-29 00:00:00 UTC,339.2334,4976180821,164679441.2
2015-09-30 00:00:00 UTC,337.0754,4945755660,108608867.1
2015-10-01 00:00:00 UTC,337.8975,4959101974,102842083.1
2015-10-02 00:00:00 UTC,336.3671,4937801755,119724625.5
2015-10-03 00:00:00 UTC,338.8137,4974920142,103999784.5
2015-10-04 00:00:00 UTC,338.3411,4969291862,111855135.4
2015-10-05 00:00:00 UTC,339.2531,4983967292,151659745.8
2015-10-06 00:00:00 UTC,344.1093,5056557123,189584726.1
2015-10-07 00:00:00 UTC,337.4885,4959722559,168710896.7
2015-10-08 00:00:00 UTC,334.865,4921167668,134502826.7
2015-10-09 00:00:00 UTC,332.9587,4893152731,148824763.6
2015-10-10 00:00:00 UTC,334.4801,4918956333,121571139.8
2015-10-11 00:00:00 UTC,338.0172,4970973898,108241532.5
2015-10-12 00:00:00 UTC,333.7486,4908198692,146953123.5
2015-10-13 00:00:00 UTC,345.6238,5082838649,227901513.9
2015-10-14 00:00:00 UTC,346.0125,5094134430,440725405.3
2015-10-15 00:00:00 UTC,347.4557747,5117007253,282868301.7
2015-10-16 00:00:00 UTC,361.0493,5318499897,457409600.1
2015-10-17 00:00:00 UTC,371.5315,5474154409,373219662.3
2015-10-18 00:00:00 UTC,361.0471,5321058003,160690844.7
2015-10-19 00:00:00 UTC,364.4803,5373141247,309998136.6
2015-10-20 00:00:00 UTC,372.1196,5486903502,439243004.3
2015-10-21 00:00:00 UTC,370.1512,5459249003,279508233.3
2015-10-22 00:00:00 UTC,379.3774,5596746125,317614218.6
2015-10-23 00:00:00 UTC,384.2201,5669619034,180861196.5
2015-10-24 00:00:00 UTC,391.9328,5784849741,232743022
2015-10-25 00:00:00 UTC,394.4839,5824051817,466677574.4
2015-10-26 00:00:00 UTC,394.1479,5819928769,305891350.8
2015-10-27 00:00:00 UTC,409.3791,6047081969,457408976.7
2015-10-28 00:00:00 UTC,427.5513,6316995636,545230566.7
2015-10-29 00:00:00 UTC,443.1606,6549326480,766814847.7
2015-10-30 00:00:00 UTC,456.459,6747776340,1181552724
2015-10-31 00:00:00 UTC,437.525,6469474351,451142306.7
2015-11-01 00:00:00 UTC,455.6131,6738643043,816514126.2
2015-11-02 00:00:00 UTC,491.2935,7268146910,891763072.4
2015-11-03 00:00:00 UTC,554.4115,8204236818,1374462195
2015-11-04 00:00:00 UTC,564.5628,8356644452,1374447520
2015-11-05 00:00:00 UTC,542.3436,8029749521,1278628012
2015-11-06 00:00:00 UTC,528.7822,7830841356,1092441812
2015-11-07 00:00:00 UTC,549.177,8134917713,656557764.2
2015-11-08 00:00:00 UTC,528.3854,7828875118,375709850.3
2015-11-09 00:00:00 UTC,540.2336,8006451034,596285040.6
2015-11-10 00:00:00 UTC,479.2167,7103872420,882650686.4
2015-11-11 00:00:00 UTC,433.0752,6421704027,810585254.5
2015-11-12 00:00:00 UTC,473.9027,7028972237,766931450.5
2015-11-13 00:00:00 UTC,473.3072,7022032950,582098352.4
2015-11-14 00:00:00 UTC,465.0707,6901532920,183972709.7
2015-11-15 00:00:00 UTC,450.3694,6685137004,334175515.1
2015-11-16 00:00:00 UTC,467.2289,6936772267,337629776.5
2015-11-17 00:00:00 UTC,471.1634,6997577468,332694160
2015-11-18 00:00:00 UTC,472.0786,7013010850,261734232.9
2015-11-19 00:00:00 UTC,452.7495,6727291633,287017858.3
2015-11-20 00:00:00 UTC,444.1318,6601197563,170735662.9
2015-11-21 00:00:00 UTC,449.2596,6679389566,276262512.7
2015-11-22 00:00:00 UTC,447.3445,6652795568,231080391.4
2015-11-23 00:00:00 UTC,448.7691,6675889132,262369385.4
2015-11-24 00:00:00 UTC,440.6056,6556068131,142931044.3
2015-11-25 00:00:00 UTC,452.5643,6735752073,985468736.7
2015-11-26 00:00:00 UTC,494.0443,7355257432,1716248432
2015-11-27 00:00:00 UTC,500.3979,7451412619,1248463310
2015-11-28 00:00:00 UTC,495.186,7375832609,928314747.8
2015-11-29 00:00:00 UTC,516.6488,7697395477,1282175480
2015-11-30 00:00:00 UTC,523.2693,7798190806,1796996693
2015-12-01 00:00:00 UTC,496.1314,7395855586,714025318.4
2015-12-02 00:00:00 UTC,491.3868,7327080859,1579893567
2015-12-03 00:00:00 UTC,492.0095,7338100288,1567290024
2015-12-04 00:00:00 UTC,494.2758,7373791738,1416897804
2015-12-05 00:00:00 UTC,532.2773,7943054386,1943462749
2015-12-06 00:00:00 UTC,536.9876,8015452809,2061520447
2015-12-07 00:00:00 UTC,542.8659,8105191462,1765153631
2015-12-08 00:00:00 UTC,571.6929,8538104831,1321432567
2015-12-09 00:00:00 UTC,577.0661,8620804895,2114003124
2015-12-10 00:00:00 UTC,573.418,8569301947,1754786268
2015-12-11 00:00:00 UTC,629.8394,9414996811,2260164391
2015-12-12 00:00:00 UTC,605.1092,9047486864,2428508610
2015-12-13 00:00:00 UTC,605.9266,9062162489,2063728615
2015-12-14 00:00:00 UTC,611.7875,9152830430,2066297454
2015-12-15 00:00:00 UTC,646.2175,9670919530,2161361480
2015-12-16 00:00:00 UTC,628.4312,9407222295,1241437126
2015-12-17 00:00:00 UTC,641.0201,9598282416,1829247254
2015-12-18 00:00:00 UTC,646.3748,9681224001,1582053989
2015-12-19 00:00:00 UTC,643.8396,9645650775,776059786.3
2015-12-20 00:00:00 UTC,615.1319,9218074466,1639575709
2015-12-21 00:00:00 UTC,609.1447,9130728795,1971373481
2015-12-22 00:00:00 UTC,603.3337,9045797247,1792978052
2015-12-23 00:00:00 UTC,612.1451,9180278850,1321481110
2015-12-24 00:00:00 UTC,625.741,9386412227,1951433781
2015-12-25 00:00:00 UTC,626.0961,9394290237,1454489210
2015-12-26 00:00:00 UTC,572.845,8597658752,2369255323
2015-12-27 00:00:00 UTC,582.5819,8746826388,1894755869
2015-12-28 00:00:00 UTC,580.2173,8713514841,1807965046
2015-12-29 00:00:00 UTC,592.4011,8898886414,1612394531
2015-12-30 00:00:00 UTC,586.2092,8808306163,1686129573
2015-12-31 00:00:00 UTC,592.5117,8905050906,1800370745
2016-01-01 00:00:00 UTC,595.3702,8950036490,1834763069
2016-01-02 00:00:00 UTC,595.2633,8950602203,1055140152
2016-01-03 00:00:00 UTC,590.5226,8881489430,1350968772
2016-01-04 00:00:00 UTC,603.5461,9080094567,1422722550
2016-01-05 00:00:00 UTC,603.3476,9079400940,1058662137
2016-01-06 00:00:00 UTC,610.0931,9183014575,1178681755
2016-01-07 00:00:00 UTC,650.6612,9793638517,2334947823
2016-01-08 00:00:00 UTC,652.8015,9831092670,2156032099
2016-01-09 00:00:00 UTC,645.4326,9722635328,1561483597
2016-01-10 00:00:00 UTC,644.0173,9704181480,1960102058
2016-01-11 00:00:00 UTC,640.9028,9659943363,1690674632
2016-01-12 00:00:00 UTC,637.9509,9618130539,1271615209
2016-01-13 00:00:00 UTC,621.2095,9368025623,2277838092
2016-01-14 00:00:00 UTC,614.5403,9269556887,1812935088
2016-01-15 00:00:00 UTC,534.5769,8063544595,2303520797
2016-01-16 00:00:00 UTC,559.7224,8446322960,2488096835
2016-01-17 00:00:00 UTC,564.104,8512442181,2155469891
2016-01-18 00:00:00 UTC,561.4216,8476469637,1979165309
2016-01-19 00:00:00 UTC,548.8289,8288249399,1675539047
2016-01-20 00:00:00 UTC,606.0617,9154895312,2422600565
2016-01-21 00:00:00 UTC,582.5405,8801560724,2120840045
2016-01-22 00:00:00 UTC,538.8019,8143088225,2323776984
2016-01-23 00:00:00 UTC,556.4093,8409876185,1078684771
2016-01-24 00:00:00 UTC,575.3628,8700521189,2081702346
2016-01-25 00:00:00 UTC,564.9667,8545502690,1918412555
2016-01-26 00:00:00 UTC,560.5394,8480358542,1758723872
2016-01-27 00:00:00 UTC,561.4785,8494566116,1456975825
2016-01-28 00:00:00 UTC,536.0008,8113819310,1616703905
2016-01-29 00:00:00 UTC,535.0082,8100973788,1945994137
2016-01-30 00:00:00 UTC,531.971,8057525350,1308001897
2016-01-31 00:00:00 UTC,514.8957,7801249113,1123775598
2016-02-01 00:00:00 UTC,521.6265,7905314811,1445765517
2016-02-02 00:00:00 UTC,529.2238,8022821118,950231987.4
2016-02-03 00:00:00 UTC,512.6885,7774472500,976999561.6
2016-02-04 00:00:00 UTC,539.7744,8187487020,1485016002
2016-02-05 00:00:00 UTC,545.3988,8275349627,1554191956
2016-02-06 00:00:00 UTC,530.5393,8052445915,1386230219
2016-02-07 00:00:00 UTC,531.129,8063799651,779448821.3
2016-02-08 00:00:00 UTC,523.9171,7956270570,765482092
2016-02-09 00:00:00 UTC,528.7969,8032742189,658298827.1
2016-02-10 00:00:00 UTC,535.3067,8133797949,1147327631
2016-02-11 00:00:00 UTC,530.9312,8069756042,709647728.4
2016-02-12 00:00:00 UTC,538.7618,8191159310,926502558.7
2016-02-13 00:00:00 UTC,549.327,8353945285,1041422816
2016-02-14 00:00:00 UTC,568.5781,8648996840,1855682835
2016-02-15 00:00:00 UTC,559.9094,8519259482,1946180158
2016-02-16 00:00:00 UTC,572.8819,8718618026,1564885873
2016-02-17 00:00:00 UTC,580.4637,8836224766,1804910447
2016-02-18 00:00:00 UTC,589.2512,8972601679,2020778445
2016-02-19 00:00:00 UTC,586.6476,8934950938,841968713.1
2016-02-20 00:00:00 UTC,617.0166,9399893116,1937612059
2016-02-21 00:00:00 UTC,613.8982,9354411950,2108943900
2016-02-22 00:00:00 UTC,605.647,9230559939,1613998549
2016-02-23 00:00:00 UTC,583.04,8887992944,2032354777
2016-02-24 00:00:00 UTC,588.2184,8968683588,2025757990
2016-02-25 00:00:00 UTC,584.8742,8919989533,1957758699
2016-02-26 00:00:00 UTC,599.0051,9137583198,81814440.63
2016-02-27 00:00:00 UTC,606.4047,9252644194,835152903.8
2016-02-28 00:00:00 UTC,607.2191,9267119836,766218427.2
2016-02-29 00:00:00 UTC,611.6992,9337542411,2586167334
2016-03-01 00:00:00 UTC,601.5306,9184048895,3508157363
2016-03-02 00:00:00 UTC,581.8718,8886520691,2813382029
2016-03-03 00:00:00 UTC,571.3558,8727859794,3722972047
2016-03-04 00:00:00 UTC,550.869,8416975342,3241202705
2016-03-05 00:00:00 UTC,533.9451,8160469844,3718218190
2016-03-06 00:00:00 UTC,545.0776,8332574017,3394706881
2016-03-07 00:00:00 UTC,554.0708,8471978012,3161902895
2016-03-08 00:00:00 UTC,553.6096,8467015944,2480115999
2016-03-09 00:00:00 UTC,550.7829,8426069578,2277850204
2016-03-10 00:00:00 UTC,558.5331,8546882946,2906377377
2016-03-11 00:00:00 UTC,554.6584,8489767868,3228184427
2016-03-12 00:00:00 UTC,543.0954,8314749842,3030140228
2016-03-13 00:00:00 UTC,546.3231,8365913921,2444442396
2016-03-14 00:00:00 UTC,552.06,8455875417,2402035962
2016-03-15 00:00:00 UTC,557.1523,8536060744,2829895430
2016-03-16 00:00:00 UTC,551.8129,8456477511,2511236165
2016-03-17 00:00:00 UTC,547.6467,8394561367,2281652505
2016-03-18 00:00:00 UTC,536.88,8231336784,3206932644
2016-03-19 00:00:00 UTC,534.7757,8200865576,2320386279
2016-03-20 00:00:00 UTC,542.0839,8314957182,1895638981
2016-03-21 00:00:00 UTC,542.2192,8318916743,2968297669
2016-03-22 00:00:00 UTC,546.5097,8386765182,2679050574
2016-03-23 00:00:00 UTC,555.1836,8521957223,2636320424
2016-03-24 00:00:00 UTC,551.2492,8463535686,2685713047
2016-03-25 00:00:00 UTC,553.6807,8502832984,2575449395
2016-03-26 00:00:00 UTC,554.9512,8524591509,2136378185
2016-03-27 00:00:00 UTC,566.51,8704128732,3098314769
2016-03-28 00:00:00 UTC,560.3728,8612075367,2856760437
2016-03-29 00:00:00 UTC,544.3512,8368079648,3513145774
2016-03-30 00:00:00 UTC,538.1086,8274105813,3113490381
2016-03-31 00:00:00 UTC,541.7689,8332094165,1868178465
2016-04-01 00:00:00 UTC,542.3919,8343709516,582196280.5
2016-04-02 00:00:00 UTC,546.2656,8405238564,824864640.7
2016-04-03 00:00:00 UTC,544.7194,8382564285,559427885.9
2016-04-04 00:00:00 UTC,551.595,8491446488,691223730
2016-04-05 00:00:00 UTC,560.3077,8627716018,717942638.7
2016-04-06 00:00:00 UTC,554.6851,8543315379,693443536.5
2016-04-07 00:00:00 UTC,560.9334,8641501564,791208464.1
2016-04-08 00:00:00 UTC,554.1207,8538598249,963811043.2
2016-04-09 00:00:00 UTC,550.9951,8491123763,1047677329
2016-04-10 00:00:00 UTC,557.3001,8592202157,641601794.3
2016-04-11 00:00:00 UTC,556.5507,8582804879,935702954.4
2016-04-12 00:00:00 UTC,554.8105,8558007444,1538965307
2016-04-13 00:00:00 UTC,553.9222,8546562560,1025934949
2016-04-14 00:00:00 UTC,552.3155,8524009382,801298537.4
2016-04-15 00:00:00 UTC,556.5417,8591236828,1089484848
2016-04-16 00:00:00 UTC,557.8389,8613172076,962937046.4
2016-04-17 00:00:00 UTC,558.4131,8624201718,690024037.7
2016-04-18 00:00:00 UTC,552.918,8541256097,708780078.2
2016-04-19 00:00:00 UTC,558.938,8636318719,864006541.4
2016-04-20 00:00:00 UTC,566.8994,8761685332,1413252230
2016-04-21 00:00:00 UTC,582.8258,9009976895,1731746107
2016-04-22 00:00:00 UTC,580.0583,8969354484,1613058119
2016-04-23 00:00:00 UTC,585.6763,9058274643,1082479934
2016-04-24 00:00:00 UTC,596.7628,9231726568,2088967825
2016-04-25 00:00:00 UTC,596.4305,9227137693,2081902356
2016-04-26 00:00:00 UTC,603.924,9346659982,1649858856
2016-04-27 00:00:00 UTC,585.2187,9059141585,1768468463
2016-04-28 00:00:00 UTC,589.6678,9129988706,1964775759
2016-04-29 00:00:00 UTC,600.1327,9294390155,898151960.5
2016-04-30 00:00:00 UTC,588.8308,9121415994,759646761.3
2016-05-01 00:00:00 UTC,594.8245,9216686663,518615943.7
2016-05-02 00:00:00 UTC,579.7816,8985759622,886711842.1
2016-05-03 00:00:00 UTC,600.7916,9313726720,614262799.4
2016-05-04 00:00:00 UTC,599.1444,9290662596,577116789.6
2016-05-05 00:00:00 UTC,601.1155,9323571907,733677462.1
2016-05-06 00:00:00 UTC,626.6062,9721481890,1210810530
2016-05-07 00:00:00 UTC,623.3864,9673881586,567874351.1
2016-05-08 00:00:00 UTC,622.9605,9669795343,869274533.7
2016-05-09 00:00:00 UTC,631.2336,9800958956,1220141812
2016-05-10 00:00:00 UTC,610.9681,9488655351,1521014921
2016-05-11 00:00:00 UTC,613.4174,9528825892,912334596
2016-05-12 00:00:00 UTC,620.9998,9648815442,951866718.5
2016-05-13 00:00:00 UTC,627.3434,9749731982,673850118.2
2016-05-14 00:00:00 UTC,626.6679,9741442839,743746578.5
2016-05-15 00:00:00 UTC,630.9318,9809964226,709331327.6
2016-05-16 00:00:00 UTC,624.5299,9712548486,891880659.9
2016-05-17 00:00:00 UTC,618.9545,9628115777,624134939.1
2016-05-18 00:00:00 UTC,625.8584,9737902957,528457656.6
2016-05-19 00:00:00 UTC,608.6562,9472044732,866172029.8
2016-05-20 00:00:00 UTC,611.8129,9523479601,891957346.4
2016-05-21 00:00:00 UTC,613.5533,9552672088,529820514.3
2016-05-22 00:00:00 UTC,606.9726,9452960924,511932338.9
2016-05-23 00:00:00 UTC,613.3639,9555274182,524515815
2016-05-24 00:00:00 UTC,621.0423,9676910332,590599091.4
2016-05-25 00:00:00 UTC,624.5319,9733751221,826017867.7
2016-05-26 00:00:00 UTC,628.2309,9793538617,1070148635
2016-05-27 00:00:00 UTC,659.4175,10281967369,2240319195
2016-05-28 00:00:00 UTC,735.994,11478470425,3215056193
2016-05-29 00:00:00 UTC,728.1516,11356743856,3144761011
2016-05-30 00:00:00 UTC,743.6391,11603112423,1429915213
2016-05-31 00:00:00 UTC,734.6516,11465248364,1350514990
2016-06-01 00:00:00 UTC,743.5923,11607308495,1191870123
2016-06-02 00:00:00 UTC,745.9282,11646494006,907577764.5
2016-06-03 00:00:00 UTC,774.3706,12093248864,1286284833
2016-06-04 00:00:00 UTC,778.553,12160900541,1377519753
2016-06-05 00:00:00 UTC,781.0906952,12203819604,1333347918
2016-06-06 00:00:00 UTC,794.6942,12419759101,1153968627
2016-06-07 00:00:00 UTC,775.2494796,12118622340,1335561338
2016-06-08 00:00:00 UTC,778.7409,12176061748,835881659.3
2016-06-09 00:00:00 UTC,777.1371,12154171674,767958277.9
2016-06-10 00:00:00 UTC,784.8637209,12277740915,778468295.2
2016-06-11 00:00:00 UTC,810.2252951,12677615448,769414272.2
2016-06-12 00:00:00 UTC,910.9361343,14256788158,2895146991
2016-06-13 00:00:00 UTC,953.8274171,14932025141,2612958319
2016-06-14 00:00:00 UTC,933.4913516,14616747607,1763217787
2016-06-15 00:00:00 UTC,935.5168,14651923794,1500177411
2016-06-16 00:00:00 UTC,1038.7287,16272386227,3114680410
2016-06-17 00:00:00 UTC,1013.2909,15877609764,2824702154
2016-06-18 00:00:00 UTC,1023.194285,16036779830,2217252292
2016-06-19 00:00:00 UTC,1029.8146,16145150100,1941093164
2016-06-20 00:00:00 UTC,984.9616474,15445922313,1709561098
2016-06-21 00:00:00 UTC,891.8367247,13988927242,3508960240
2016-06-22 00:00:00 UTC,786.9664,12346558456,2813943640
2016-06-23 00:00:00 UTC,819.5013713,12859861369,3880137913
2016-06-24 00:00:00 UTC,884.8203211,13887697349,3771917069
2016-06-25 00:00:00 UTC,891.9153223,14002691496,2899641170
2016-06-26 00:00:00 UTC,846.113,13286660509,2653291128
2016-06-27 00:00:00 UTC,883.1303,13871128918,2579299275
2016-06-28 00:00:00 UTC,875.0345,13747317016,2107294178
2016-06-29 00:00:00 UTC,855.8918,13449612129,1984780729
2016-06-30 00:00:00 UTC,901.5437,14170261029,2090645759
2016-07-01 00:00:00 UTC,903.7938,14209355744,2027933766
2016-07-02 00:00:00 UTC,923.0404,14513702642,1824067828
2016-07-03 00:00:00 UTC,890.281021,14003586291,2652776385
2016-07-04 00:00:00 UTC,900.499827,14167766391,2185530031
2016-07-05 00:00:00 UTC,895.4048436,14090762173,1829159771
2016-07-06 00:00:00 UTC,899.6482,14160732562,1588281199
2016-07-07 00:00:00 UTC,853.3387,13434751158,2836209151
2016-07-08 00:00:00 UTC,879.0240024,13842210721,1858310930
2016-07-09 00:00:00 UTC,863.5504093,13601385263,2290892997
2016-07-10 00:00:00 UTC,859.456,13538443127,1379679990
2016-07-11 00:00:00 UTC,861.1765,13567084812,1286126705
2016-07-12 00:00:00 UTC,880.2838,13869550848,1424388363
2016-07-13 00:00:00 UTC,865.9449,13645002066,1224902844
2016-07-14 00:00:00 UTC,864.8302,13628890256,1189415720
2016-07-15 00:00:00 UTC,878.4658714,13845219491,1208169092
2016-07-16 00:00:00 UTC,875.5811,13801403126,770564602.2
2016-07-17 00:00:00 UTC,893.4153484,14084156918,1157217484
2016-07-18 00:00:00 UTC,890.4469068,14038889224,1255116684
2016-07-19 00:00:00 UTC,897.6928214,14154518783,959695466.3
2016-07-20 00:00:00 UTC,895.8245715,14126006838,959374004.7
2016-07-21 00:00:00 UTC,887.617409,13998688717,869437491.1
2016-07-22 00:00:00 UTC,871.8262,13751004282,997565370
2016-07-23 00:00:00 UTC,877.7837,13846328618,1004382091
2016-07-24 00:00:00 UTC,885.0931216,13962977719,841302481.2
2016-07-25 00:00:00 UTC,876.0349346,13821423923,765451937.9
2016-07-26 00:00:00 UTC,866.5764,13673546099,937118781.4
2016-07-27 00:00:00 UTC,874.7787581,13804302729,936306601
2016-07-28 00:00:00 UTC,873.270427,13781894497,785904886.9
2016-07-29 00:00:00 UTC,864.9087906,13651467797,655855812.5
2016-07-30 00:00:00 UTC,860.9634909,13590467122,501493436.9
2016-07-31 00:00:00 UTC,821.0783446,12962380248,1362020008
2016-08-01 00:00:00 UTC,804.5077,12702265880,1459866131
2016-08-02 00:00:00 UTC,678.7556304,10718029248,2452997190
2016-08-03 00:00:00 UTC,747.6490068,11807402451,3290636751
2016-08-04 00:00:00 UTC,755.8316622,11938016446,2171087360
2016-08-05 00:00:00 UTC,755.9222,11940952245,958439881.1
2016-08-06 00:00:00 UTC,771.1464,12182977992,1025552197
2016-08-07 00:00:00 UTC,778.7546,12304550076,1470538587
2016-08-08 00:00:00 UTC,771.5346,12191869989,957297174.9
2016-08-09 00:00:00 UTC,762.9382,12057136568,996075844.3
2016-08-10 00:00:00 UTC,767.6298035,12132717590,1020284883
2016-08-11 00:00:00 UTC,762.8807,12058955925,432014217.4
2016-08-12 00:00:00 UTC,766.6169,12119422040,434130002.3
2016-08-13 00:00:00 UTC,763.8180992,12076697414,691220099.5
2016-08-14 00:00:00 UTC,745.3523,11786157533,1045684532
2016-08-15 00:00:00 UTC,739.1490558,11689370311,897778354.5
2016-08-16 00:00:00 UTC,751.1985655,11881163843,864547655.4
2016-08-17 00:00:00 UTC,746.0646183,11801056156,665600070.9
2016-08-18 00:00:00 UTC,744.6923674,11780726438,583193747.1
2016-08-19 00:00:00 UTC,751.7496,11893686016,530101320.9
2016-08-20 00:00:00 UTC,763.0572891,12074072193,588855245.8
2016-08-21 00:00:00 UTC,761.7836695,12055381974,522013979.3
2016-08-22 00:00:00 UTC,766.4962,12131421205,513415446.6
2016-08-23 00:00:00 UTC,764.2582,12097357451,790800594
2016-08-24 00:00:00 UTC,759.1301151,12017597551,481750200.1
2016-08-25 00:00:00 UTC,755.7774,11965664299,526457058.3
2016-08-26 00:00:00 UTC,764.2098,12100415439,447103437.2
2016-08-27 00:00:00 UTC,751.6135,11902256754,588668417
2016-08-28 00:00:00 UTC,759.1675,12023263658,449702811.1
2016-08-29 00:00:00 UTC,755.7852101,11971057285,503482816.6
2016-08-30 00:00:00 UTC,766.5445,12142874351,551653476.8
2016-08-31 00:00:00 UTC,760.1126653,12042319014,446002065
2016-09-01 00:00:00 UTC,756.5925,11987784471,471929000.5
2016-09-02 00:00:00 UTC,757.7495,12007534995,499699114.3
2016-09-03 00:00:00 UTC,787.8422,12485584525,741990396.8
2016-09-04 00:00:00 UTC,804.037,12743963937,1168277976
2016-09-05 00:00:00 UTC,799.534,12673877164,814745127.4
2016-09-06 00:00:00 UTC,795.2324,12607035540,729676044.3
2016-09-07 00:00:00 UTC,800.2373246,12687830002,777829097.9
2016-09-08 00:00:00 UTC,817.9633,12970290271,2093339279
2016-09-09 00:00:00 UTC,824.3348,13072756291,1126843320
2016-09-10 00:00:00 UTC,826.0201,13100979457,777945007.3
2016-09-11 00:00:00 UTC,803.2689118,12741756722,1630465950
2016-09-12 00:00:00 UTC,800.9487586,12706529837,1287515262
2016-09-13 00:00:00 UTC,813.25,12903252210,938106862.8
2016-09-14 00:00:00 UTC,814.1262,12918668519,828417362.7
2016-09-15 00:00:00 UTC,805.5778,12784510019,730413963.6
2016-09-16 00:00:00 UTC,809.3089211,12845121352,729295819.1
2016-09-17 00:00:00 UTC,807.7217,12821499640,708644034.8
2016-09-18 00:00:00 UTC,812.6073,12900465930,1743283756
2016-09-19 00:00:00 UTC,807.2095782,12816082617,1688325264
2016-09-20 00:00:00 UTC,804.3136768,12771503839,1261471954
2016-09-21 00:00:00 UTC,780.5838825,12396287154,2081861136
2016-09-22 00:00:00 UTC,778.0127,12356761811,1301115288
2016-09-23 00:00:00 UTC,789.1579,12535072469,1929528950
2016-09-24 00:00:00 UTC,788.3434,12523705240,1489508608
2016-09-25 00:00:00 UTC,786.9686,12503602651,1410439714
2016-09-26 00:00:00 UTC,793.9462042,12615903635,2512128633
2016-09-27 00:00:00 UTC,787.9552,12522265986,1888923549
2016-09-28 00:00:00 UTC,784.6758,12471599501,1330415066
2016-09-29 00:00:00 UTC,792.1721,12592104700,1691594972
2016-09-30 00:00:00 UTC,793.8977,12620896594,1536757391
2016-10-01 00:00:00 UTC,801.4709492,12742782181,2184738190
2016-10-02 00:00:00 UTC,797.1312,12675160892,1329972410
2016-10-03 00:00:00 UTC,796.1231742,12660546216,998886799.4
2016-10-04 00:00:00 UTC,799.9575,12723039253,1072817593
2016-10-05 00:00:00 UTC,803.5268,12781389039,1202117135
2016-10-06 00:00:00 UTC,805.7684,12818582707,942448761.2
2016-10-07 00:00:00 UTC,811.822,12916318577,1455145823
2016-10-08 00:00:00 UTC,812.237,12924588056,1044739200
2016-10-09 00:00:00 UTC,808.5609,12867635451,1186404843
2016-10-10 00:00:00 UTC,807.1548,12846139846,1674147574
2016-10-11 00:00:00 UTC,848.9075,13512400241,3970910393
2016-10-12 00:00:00 UTC,840.5154,13380282325,3273667118
2016-10-13 00:00:00 UTC,838.5502486,13350296881,2774497675
2016-10-14 00:00:00 UTC,837.5557,13335799721,2193774499
2016-10-15 00:00:00 UTC,836.3877,13318637735,2158512743
2016-10-16 00:00:00 UTC,840.5454,13386136027,1909133698
2016-10-17 00:00:00 UTC,835.2856,13303653892,1555521258
2016-10-18 00:00:00 UTC,828.3903,13195352877,2638841721
2016-10-19 00:00:00 UTC,813.6933,12962505313,2532314388
2016-10-20 00:00:00 UTC,823.8703,13125895029,2363549627
2016-10-21 00:00:00 UTC,827.5449,13186097126,1686580219
2016-10-22 00:00:00 UTC,857.0656,13657960851,4630358105
2016-10-23 00:00:00 UTC,853.9597,13610013461,4789559251
2016-10-24 00:00:00 UTC,853.801,13608949297,4228122681
2016-10-25 00:00:00 UTC,853.6912,13608541170,3269431213
2016-10-26 00:00:00 UTC,880.9062,14043152939,6345391635
2016-10-27 00:00:00 UTC,900.6075,14359721874,6644092845
2016-10-28 00:00:00 UTC,904.7757,14427093686,6671131698
2016-10-29 00:00:00 UTC,941.4262161,15013899186,8998821136
2016-10-30 00:00:00 UTC,917.4471318,14632723944,7663346667
2016-10-31 00:00:00 UTC,917.887,14641270610,9015269206
2016-11-01 00:00:00 UTC,952.4241,15194631219,7683132260
2016-11-02 00:00:00 UTC,958.5704,15294205452,5940060969
2016-11-03 00:00:00 UTC,891.8261,14230922587,13609026582
2016-11-04 00:00:00 UTC,914.8324,14599341877,7725779385
2016-11-05 00:00:00 UTC,917.3505,14641134144,2796526707
2016-11-06 00:00:00 UTC,928.6423,14823070113,3490288425
2016-11-07 00:00:00 UTC,915.0741,14608063578,4276378227
2016-11-08 00:00:00 UTC,914.914,14607187555,3964302015
2016-11-09 00:00:00 UTC,942.4622,15048866964,5703412416
2016-11-10 00:00:00 UTC,937.3369413,14968907266,4254804957
2016-11-11 00:00:00 UTC,947.7685,15137360419,4736540375
2016-11-12 00:00:00 UTC,932.2417,14891285851,8334597600
2016-11-13 00:00:00 UTC,929.7308225,14852728809,4924722019
2016-11-14 00:00:00 UTC,933.6635,14926268300,7060870660
2016-11-15 00:00:00 UTC,942.591777,15070852021,9966617196
2016-11-16 00:00:00 UTC,989.2117408,15818435487,13266251382
2016-11-17 00:00:00 UTC,996.228,15932599687,7387071283
2016-11-18 00:00:00 UTC,1019.6185,16308568493,5432650985
2016-11-19 00:00:00 UTC,1022.33986,16353897391,4407464219
2016-11-20 00:00:00 UTC,993.5634,15895201147,6874031405
2016-11-21 00:00:00 UTC,999.318,15988975077,4332133926
2016-11-22 00:00:00 UTC,1010.7721,16173907157,4414271385
2016-11-23 00:00:00 UTC,1003.456028,16058670060,5111443652
2016-11-24 00:00:00 UTC,994.329349,15914663821,5127064526
2016-11-25 00:00:00 UTC,991.8049916,15876144837,3334210555
2016-11-26 00:00:00 UTC,984.4518,15760261145,3213624898
2016-11-27 00:00:00 UTC,977.289,15647423043,3609753600
2016-11-28 00:00:00 UTC,977.4216484,15651513456,3274434413
2016-11-29 00:00:00 UTC,977.7165,15658068151,2544226560
2016-11-30 00:00:00 UTC,1005.0957,16098291171,6077850594
2016-12-01 00:00:00 UTC,1015.5045,16266909608,7447146042
2016-12-02 00:00:00 UTC,1033.543,16557655487,6183742008
2016-12-03 00:00:00 UTC,1024.878887,16421057403,3844498984
2016-12-04 00:00:00 UTC,1030.8618,16518851112,4730820770
2016-12-05 00:00:00 UTC,1006.2213,16125928954,4752427857
2016-12-06 00:00:00 UTC,1016.8566,16298304692,4365255816
2016-12-07 00:00:00 UTC,1020.7241,16362488022,3479331418
2016-12-08 00:00:00 UTC,1030.3944,16519514860,3596929275
2016-12-09 00:00:00 UTC,1033.0307,16563459289,4175680938
2016-12-10 00:00:00 UTC,1037.500191,16636834310,8791456032
2016-12-11 00:00:00 UTC,1032.4027,16557557841,7402526412
2016-12-12 00:00:00 UTC,1038.117471,16651235029,8419939296
2016-12-13 00:00:00 UTC,1038.4218,16658400937,3764414069
2016-12-14 00:00:00 UTC,1048.1338,16811280052,2105694657
2016-12-15 00:00:00 UTC,1053.3363,16901175935,1827926646
2016-12-16 00:00:00 UTC,1068.6438,17148646747,2413573652
2016-12-17 00:00:00 UTC,1080.0399,17333425350,2409050750
2016-12-18 00:00:00 UTC,1082.9966,17382758224,2018511467
2016-12-19 00:00:00 UTC,1090.1131,17499080872,1521563358
2016-12-20 00:00:00 UTC,1101.1462,17678076381,2608246638
2016-12-21 00:00:00 UTC,1143.466377,18359782010,8370063275
2016-12-22 00:00:00 UTC,1191.324,19130503570,11024438386
2016-12-23 00:00:00 UTC,1278.8052,20537739393,7874749807
2016-12-24 00:00:00 UTC,1242.7611,19960980236,6469878599
2016-12-25 00:00:00 UTC,1248.30855,20052672503,5614224530
2016-12-26 00:00:00 UTC,1256.0443,20179230911,6692519683
2016-12-27 00:00:00 UTC,1292.8057,20772317185,6397641550
2016-12-28 00:00:00 UTC,1360.4877,21862577494,6830714631
2016-12-29 00:00:00 UTC,1346.4092,21638815458,5261038777
2016-12-30 00:00:00 UTC,1332.7493,21421945874,6076202166
2016-12-31 00:00:00 UTC,1342.177587,21575957024,4695651952
2017-01-01 00:00:00 UTC,1383.2704,22239304383,4810477289
2017-01-02 00:00:00 UTC,1416.0391,22768811298,6175488428
2017-01-03 00:00:00 UTC,1432.8863,23042710278,6087571228
2017-01-04 00:00:00 UTC,1554.331135,24998598309,11965350397
2017-01-05 00:00:00 UTC,1350.0015,21714774128,16492648835
2017-01-06 00:00:00 UTC,1223.2407,19678242560,14658170728
2017-01-07 00:00:00 UTC,1233.6606,19848071782,10274981058
2017-01-08 00:00:00 UTC,1245.2251,20036699170,6493014527
2017-01-09 00:00:00 UTC,1226.265937,19733729956,5537548673
2017-01-10 00:00:00 UTC,1230.521258,19804608389,4370204666
2017-01-11 00:00:00 UTC,1054.3215,16970833309,7069256414
2017-01-12 00:00:00 UTC,1069.0348,17209923008,4472970699
2017-01-13 00:00:00 UTC,1100.3921,17716793681,2482751988
2017-01-14 00:00:00 UTC,1091.0101,17568044686,1606822482
2017-01-15 00:00:00 UTC,1098.0348,17683479318,1234280738
2017-01-16 00:00:00 UTC,1108.3603,17852095562,1112443491
2017-01-17 00:00:00 UTC,1196.1649,19268765591,1742120697
2017-01-18 00:00:00 UTC,1163.2893,18741375843,1528055915
2017-01-19 00:00:00 UTC,1187.2079,19129273131,1159368657
2017-01-20 00:00:00 UTC,1180.5142,19024177576,812819654.7
2017-01-21 00:00:00 UTC,1217.0928,19616386100,904526019.8
2017-01-22 00:00:00 UTC,1215.684339,19596420639,1098483455
2017-01-23 00:00:00 UTC,1209.1279,19492804299,614523657.3
2017-01-24 00:00:00 UTC,1168.1906,18834984700,499390206.4
2017-01-25 00:00:00 UTC,1179.7295,19023270317,504322974.8
2017-01-26 00:00:00 UTC,1215.8777,19608490065,77505783.38
2017-01-27 00:00:00 UTC,1216.7622,19625324220,64965514.48
2017-01-28 00:00:00 UTC,1218.72,19659247881,28979550.39
2017-01-29 00:00:00 UTC,1209.5047,19513105027,26843538.49
2017-01-30 00:00:00 UTC,1218.484151,19660119923,39910072.97
2017-01-31 00:00:00 UTC,1278.3459,20628299625,134367970.6
2017-02-01 00:00:00 UTC,1301.582966,21006458344,122409789.7
2017-02-02 00:00:00 UTC,1317.1067,21259616813,121822339
2017-02-03 00:00:00 UTC,1321.4989,21332923705,180128974.5
2017-02-04 00:00:00 UTC,1345.1681,21717436312,128857139.3
2017-02-05 00:00:00 UTC,1324.648952,21388824474,98065751.81
2017-02-06 00:00:00 UTC,1337.848816,21604033539,95866487.81
2017-02-07 00:00:00 UTC,1379.4172,22276656673,117444360.9
2017-02-08 00:00:00 UTC,1381.4083,22312557974,215093805.7
2017-02-09 00:00:00 UTC,1287.8988,20804846005,438145201.6
2017-02-10 00:00:00 UTC,1293.5885,20899231329,202180360.2
2017-02-11 00:00:00 UTC,1317.0184,21280004006,79714641.66
2017-02-12 00:00:00 UTC,1305.342289,21093646086,47552273.89
2017-02-13 00:00:00 UTC,1303.856349,21072339575,99158827.97
2017-02-14 00:00:00 UTC,1316.548516,21280196503,103339520.3
2017-02-15 00:00:00 UTC,1308.308,21149322143,49794121.77
2017-02-16 00:00:00 UTC,1345.0742,21746133374,86816797.37
2017-02-17 00:00:00 UTC,1377.998876,22281036081,122590243.2
2017-02-18 00:00:00 UTC,1380.001317,22316001301,71701327.85
2017-02-19 00:00:00 UTC,1373.426,22212006670,48859649.84
2017-02-20 00:00:00 UTC,1408.17064,22775646322,72843270
2017-02-21 00:00:00 UTC,1466.980475,23726832173,204877285
2017-02-22 00:00:00 UTC,1458.953,23596996401,128935560.3
2017-02-23 00:00:00 UTC,1536.543785,24851943945,171419586.8
2017-02-24 00:00:00 UTC,1539.8277,24917299363,395684822.6
2017-02-25 00:00:00 UTC,1497.277104,24231838326,153957042.7
2017-02-26 00:00:00 UTC,1538.6646,24905228346,116446493.9
2017-02-27 00:00:00 UTC,1554.725724,25167957544,114022263.6
2017-02-28 00:00:00 UTC,1555.5817,25184769721,182769518.5
2017-03-01 00:00:00 UTC,1597.913112,25873009623,137452004.8
2017-03-02 00:00:00 UTC,1666.6841,26989843977,230201902.4
2017-03-03 00:00:00 UTC,1697.534612,27492569489,200728729
2017-03-04 00:00:00 UTC,1670.373132,27055387746,160122372.5
2017-03-05 00:00:00 UTC,1682.3444,27252507229,81847956.48
2017-03-06 00:00:00 UTC,1690.3661,27385367631,86079324.18
2017-03-07 00:00:00 UTC,1625.070726,26330634200,282001064.8
2017-03-08 00:00:00 UTC,1528.1595,24763175230,330421463.2
2017-03-09 00:00:00 UTC,1588.235461,25739598234,199325048.6
2017-03-10 00:00:00 UTC,1457.782376,23628246977,552741867
2017-03-11 00:00:00 UTC,1565.961122,25384503825,224143527.6
2017-03-12 00:00:00 UTC,1632.8769,26472445234,138815543.8
2017-03-13 00:00:00 UTC,1643.38457,26645692794,173693246.9
2017-03-14 00:00:00 UTC,1649.011284,26740202075,114833301.3
2017-03-15 00:00:00 UTC,1633.6723,26494386022,94458921.42
2017-03-16 00:00:00 UTC,1586.553115,25732244680,179327932.8
2017-03-17 00:00:00 UTC,1393.763263,22608947493,368509097.4
2017-03-18 00:00:00 UTC,1251.0075,20295720176,445913716.6
2017-03-19 00:00:00 UTC,1329.077898,21565019883,230351806.2
2017-03-20 00:00:00 UTC,1340.884115,21758861760,131943878.6
2017-03-21 00:00:00 UTC,1446.263699,23471467078,194986888.8
2017-03-22 00:00:00 UTC,1355.522031,22001478093,246179865
2017-03-23 00:00:00 UTC,1348.890171,21896314275,107541176.2
2017-03-24 00:00:00 UTC,1234.213184,20037527567,212439994.7
2017-03-25 00:00:00 UTC,1266.070608,20556871951,249801337.6
2017-03-26 00:00:00 UTC,1251.040538,20315365812,171035042.2
2017-03-27 00:00:00 UTC,1368.061067,22217943774,181455948.8
2017-03-28 00:00:00 UTC,1368.263,22223874951,167173622
2017-03-29 00:00:00 UTC,1354.964415,22010143579,158075346.4
2017-03-30 00:00:00 UTC,1349.186845,21919159316,133989432.2
2017-03-31 00:00:00 UTC,1413.405967,22964719090,174713192.3
2017-04-01 00:00:00 UTC,1422.2565,23110974064,114999557.7
2017-04-02 00:00:00 UTC,1437.5872,,105038837.8
2017-04-03 00:00:00 UTC,1498.095837,24349505919,173260350.8
2017-04-04 00:00:00 UTC,1507.218005,24500185880,143021446.7
2017-04-05 00:00:00 UTC,1495.791094,24317449763,115505427.6
2017-04-06 00:00:00 UTC,1583.8128,25751370696,170169154
2017-04-07 00:00:00 UTC,1586.35696,25795909162,121119491.7
2017-04-08 00:00:00 UTC,1576.3608,25636138153,58532868.47
2017-04-09 00:00:00 UTC,1583.6554,25755838193,54870533.06
2017-04-10 00:00:00 UTC,1611.3808,26211767490,101234483.8
2017-04-11 00:00:00 UTC,1634.8377,26596785450,105157584.3
2017-04-12 00:00:00 UTC,1617.9145,26324237424,110986365.6
2017-04-13 00:00:00 UTC,1551.2722,25242474981,173589585.3
2017-04-14 00:00:00 UTC,1561.3435,25409069917,122529584.5
2017-04-15 00:00:00 UTC,1558.0987,25359126756,70392633.86
2017-04-16 00:00:00 UTC,1564.4525,25465433453,47863406.06
2017-04-17 00:00:00 UTC,1588.5749,25860887370,109907933.7
2017-04-18 00:00:00 UTC,1611.7151,26240414129,112548980.9
2017-04-19 00:00:00 UTC,1633.1451,26592338349,95058195.36
2017-04-20 00:00:00 UTC,1666.4153,27136968252,149478870.2
2017-04-21 00:00:00 UTC,1663.6066,27094598395,121315034.6
2017-04-22 00:00:00 UTC,1656.6922,26985030900,111440309.8
2017-04-23 00:00:00 UTC,1650.2743,26883628457,111646702.7
2017-04-24 00:00:00 UTC,1651.2585,26902262201,93153322.34
2017-04-25 00:00:00 UTC,1674.6523,27286491512,123330155.6
2017-04-26 00:00:00 UTC,1721.9477,28060234652,163076107.5
2017-04-27 00:00:00 UTC,1782.5755,29051613340,180751208.7
2017-04-28 00:00:00 UTC,1764.4296,28758812109,215568620.8
2017-04-29 00:00:00 UTC,1772.6715,28897048462,115251736.3
2017-04-30 00:00:00 UTC,1803.8362,29408482719,115251108
2017-05-01 00:00:00 UTC,1871.7719,30519287624,289395055.2
2017-05-02 00:00:00 UTC,1912.9087,31194136930,250891555
2017-05-03 00:00:00 UTC,2000.8238,32631085210,277610815.6
2017-05-04 00:00:00 UTC,2023.2274,33000659799,452070489.2
2017-05-05 00:00:00 UTC,2027.7032,33076983475,436649809.3
2017-05-06 00:00:00 UTC,2087.7562,34061036741,182777701.6
2017-05-07 00:00:00 UTC,2102.3137,34302874507,202230388
2017-05-08 00:00:00 UTC,2213.2235,36117538966,374175264.1
2017-05-09 00:00:00 UTC,2313.7002,37761639516,522464075.1
2017-05-10 00:00:00 UTC,2374.8455,38764037883,392200507.5
2017-05-11 00:00:00 UTC,2453.4429,40051012718,425034882.6
2017-05-12 00:00:00 UTC,2303.6334,37610010395,335934492.6
2017-05-13 00:00:00 UTC,2372.6535,38741426616,334141470.6
2017-05-14 00:00:00 UTC,2392.889,39076834526,169179581.8
2017-05-15 00:00:00 UTC,2286.005,37336119512,311389953.3
2017-05-16 00:00:00 UTC,2310.916,37746934085,293800242
2017-05-17 00:00:00 UTC,2427.0557,39648714422,365387878.5
2017-05-18 00:00:00 UTC,2547.9811,41627990295,310354599.2
2017-05-19 00:00:00 UTC,2646.0569,43236403044,375333284.8
2017-05-20 00:00:00 UTC,2740.3661,44782994297,367718694.7
2017-05-21 00:00:00 UTC,2754.4675,45018292395,354693022.3
2017-05-22 00:00:00 UTC,2818.1571,46064609602,774922194.4
2017-05-23 00:00:00 UTC,3066.0907,50122151196,520757457
2017-05-24 00:00:00 UTC,3264.4241,53370924890,740089036.3
2017-05-25 00:00:00 UTC,3174.8747,51914598632,1193497838
2017-05-26 00:00:00 UTC,3039.8275,49712350991,962071280.3
2017-05-27 00:00:00 UTC,2795.541,45723029934,916865815
2017-05-28 00:00:00 UTC,2983.0611,48796316862,540118317.5
2017-05-29 00:00:00 UTC,3073.1465,50275754796,419878155.6
2017-05-30 00:00:00 UTC,2905.6723,47542392247,450059371.4
2017-05-31 00:00:00 UTC,3136.9225,51332599790,560762414.2
2017-06-01 00:00:00 UTC,3304.1334,54075817287,594879782.6
2017-06-02 00:00:00 UTC,3378.8829,55305342438,393489855.3
2017-06-03 00:00:00 UTC,3442.7375,56358817833,409499966.6
2017-06-04 00:00:00 UTC,3438.1346,56289954509,342238723.6
2017-06-05 00:00:00 UTC,3635.2512,59524966368,446682915.2
2017-06-06 23:29:55 UTC,3863.4027,63268094827,1612194485
2017-06-07 00:00:00 UTC,3598.6638,58939995316,951229288
2017-06-08 23:39:21 UTC,3746.199,61364002089,770594923.4
2017-06-09 00:00:00 UTC,3741.3272,61291451055,522220134.1
2017-06-10 00:00:00 UTC,3902.0372,63931172587,471166596.4
2017-06-11 00:00:00 UTC,4001.3128,65565111410,464957778.2
2017-06-12 00:00:00 UTC,3586.0797,58767687952,1052007453
2017-06-13 00:00:00 UTC,3629.2292,59481161243,543928322
2017-06-14 00:00:00 UTC,3297.112157,54043664349,744762417.7
2017-06-15 00:00:00 UTC,3222.480726,52826487454,1114820144
2017-06-16 00:00:00 UTC,3299.391164,54093518136,531147729.8
2017-06-17 00:00:00 UTC,3520.802666,57729897158,507365676.1
2017-06-18 00:00:00 UTC,3381.698385,55455075170,420464509.8
2017-06-19 00:00:00 UTC,3448.890851,56563534406,405076677.7
2017-06-20 00:00:00 UTC,3664.375182,60103906220,609085670.6
2017-06-21 00:00:00 UTC,3597.73325,59017036352,592038540.3
2017-06-22 00:00:00 UTC,3614.078318,59291347321,363164162.2
2017-06-23 00:00:00 UTC,3617.052828,59347698536,248092886.4
2017-06-24 00:00:00 UTC,3459.347455,56765857633,415589707.9
2017-06-25 00:00:00 UTC,3446.79457,56565559383,423211325.7
2017-06-26 00:00:00 UTC,3282.007724,53866526117,712327841.8
2017-06-27 00:00:00 UTC,3336.388858,54765154912,683707609.4
2017-06-28 00:00:00 UTC,3372.108237,55358002438,459846372.9
2017-06-29 00:00:00 UTC,3333.761972,54733203995,312143853
2017-06-30 00:00:00 UTC,3238.973345,53183294530,273228183.4
2017-07-01 00:00:00 UTC,3173.130587,52108791942,269938066.2
2017-07-02 00:00:00 UTC,3274.167329,53775700192,294824713.2
2017-07-03 00:00:00 UTC,3363.700001,55253353875,397630849.2
2017-07-04 00:00:00 UTC,3431.986597,56381705414,361338957.8
2017-07-05 00:00:00 UTC,3427.119378,56308040890,313253106.3
2017-07-06 00:00:00 UTC,3445.527057,56616728320,231268425.9
2017-07-07 00:00:00 UTC,3299.634492,54225615805,342836269.4
2017-07-08 00:00:00 UTC,3370.85073,55402712705,234327668
2017-07-09 00:00:00 UTC,3314.884494,54488662482,155106391.4
2017-07-10 00:00:00 UTC,3107.557509,51088360422,509540723
2017-07-11 00:00:00 UTC,3081.99406,50674799718,550845884.9
2017-07-12 00:00:00 UTC,3109.250013,51129710487,410039420.7
2017-07-13 00:00:00 UTC,3057.719949,50288408931,301387014.8
2017-07-14 00:00:00 UTC,2846.759742,46823823077,408881539.7
2017-07-15 00:00:00 UTC,2597.126773,42721987449,592594314.6
2017-07-16 00:00:00 UTC,2463.379902,40526910303,614562960.5
2017-07-17 00:00:00 UTC,2798.954316,46052874739,635386910.6
2017-07-18 00:00:00 UTC,2911.724484,47914173421,921736568.3
2017-07-19 00:00:00 UTC,2858.866961,47049874490,726013322.1
2017-07-20 00:00:00 UTC,3479.382193,57268891205,1607114431
2017-07-21 00:00:00 UTC,3359.548856,55303045515,1082727370
2017-07-22 00:00:00 UTC,3541.447525,58304444261,797859154.3
2017-07-23 00:00:00 UTC,3451.105771,56824568602,673232760.3
2017-07-24 00:00:00 UTC,3467.258583,57098249186,449855246.4
2017-07-25 00:00:00 UTC,3229.307104,53185515762,999347528.8
2017-07-26 00:00:00 UTC,3134.447726,51629014979,728857009.8
2017-07-27 00:00:00 UTC,3323.66305,54752153858,549951388.3
2017-07-28 00:00:00 UTC,3504.232259,57733319792,1563536699
2017-07-29 00:00:00 UTC,3406.087572,56122997322,1079833409
2017-07-30 00:00:00 UTC,3430.010974,56523493837,467097078.9
2017-07-31 00:00:00 UTC,3589.801521,59162933728,547747619.6
2017-08-01 00:00:00 UTC,3439.458128,56691941705,936448688.1
2017-08-02 00:00:00 UTC,3387.305585,55838631700,518035549.8
2017-08-03 00:00:00 UTC,3491.115463,57555967856,426250159.6
2017-08-04 00:00:00 UTC,3588.995062,59177773156,464190568.4
2017-08-05 00:00:00 UTC,4082.308698,67320891433,1344679463
2017-08-06 00:00:00 UTC,4020.692845,66311827575,616918434.3
2017-08-07 00:00:00 UTC,4244.968982,70018853129,879603898
2017-08-08 00:00:00 UTC,4311.149947,71119152387,1015097563
2017-08-09 00:00:00 UTC,4220.540664,69631902191,809571191.2
2017-08-10 00:00:00 UTC,4282.975384,70669093844,539970263.7
2017-08-11 00:00:00 UTC,4513.602626,74482396305,812530235.2
2017-08-12 00:00:00 UTC,4813.353119,79436749628,1252008247
2017-08-13 00:00:00 UTC,5098.791153,84157138811,1963754183
2017-08-14 00:00:00 UTC,5315.280118,87738861157,1386994840
2017-08-15 00:00:00 UTC,5304.903697,87577726773,2439930202
2017-08-16 00:00:00 UTC,5379.447233,88816890156,2215740641
2017-08-17 00:00:00 UTC,5410.188401,89324439506,2239138150
2017-08-18 00:00:00 UTC,5167.648933,85341525879,1910674918
2017-08-19 00:00:00 UTC,5189.887253,85718513328,2156662892
2017-08-20 00:00:00 UTC,5046.293534,83355241781,695921113
2017-08-21 00:00:00 UTC,4957.653827,81898145834,897786710.5
2017-08-22 00:00:00 UTC,5066.38616,83699799989,1772485612
2017-08-23 00:00:00 UTC,5145.201406,85011976125,1013780999
2017-08-24 00:00:00 UTC,5272.612623,87124123729,869036030
2017-08-25 00:00:00 UTC,5294.169701,87487080781,868936832.7
2017-08-26 00:00:00 UTC,5199.890561,85935861354,506898170.1
2017-08-27 00:00:00 UTC,5180.102514,85618609554,438682319.7
2017-08-28 00:00:00 UTC,5325.464571,88030126398,823578674.6
2017-08-29 00:00:00 UTC,5523.236676,91309248438,1086940587
2017-08-30 00:00:00 UTC,5759.822986,95232769261,852925957.4
2017-08-31 00:00:00 UTC,5922.753343,97938720357,850892149.4
2017-09-01 00:00:00 UTC,6102.558344,1.00925E+11,1140819915
2017-09-02 00:00:00 UTC,5714.884932,94525625493,1850067063
2017-09-03 00:00:00 UTC,5813.73096,96171824711,1263990690
2017-09-04 00:00:00 UTC,5433.842405,89899390597,1956684973
2017-09-05 00:00:00 UTC,5554.929588,91916447776,2031912441
2017-09-06 00:00:00 UTC,5735.238411,94911600175,1323860998
2017-09-07 00:00:00 UTC,5689.353913,94164638840,831277211.2
2017-09-08 00:00:00 UTC,5316.507507,88005079157,1833672471
2017-09-09 00:00:00 UTC,5269.006745,87230050595,977726171.5
2017-09-10 00:00:00 UTC,5132.414077,84977698075,1238361723
2017-09-11 00:00:00 UTC,5189.281307,85930409286,961228642
2017-09-12 00:00:00 UTC,5150.426724,85299178477,1324758099
2017-09-13 00:00:00 UTC,4865.582922,80593393887,1936166554
2017-09-14 00:00:00 UTC,3875.549932,64202891122,2438493604
2017-09-15 00:00:00 UTC,4483.138519,74278095999,4133473676
2017-09-16 00:00:00 UTC,4506.080528,74667782084,1749042684
2017-09-17 00:00:00 UTC,4443.538684,73641264694,1059016912
2017-09-18 00:00:00 UTC,5033.412567,83425098647,1609284722
2017-09-19 00:00:00 UTC,4867.24687,80680579249,1176767747
2017-09-20 00:00:00 UTC,4810.720644,79750803890,843024178.9
2017-09-21 00:00:00 UTC,4573.722943,75831754672,1151798459
2017-09-22 00:00:00 UTC,4546.567773,75389650074,963790690
2017-09-23 00:00:00 UTC,4723.837761,78338708270,725591797.5
2017-09-24 00:00:00 UTC,4611.313489,76481110484,539378418.9
2017-09-25 00:00:00 UTC,4871.665689,80806742612,1008312958
2017-09-26 00:00:00 UTC,4887.914513,81084450525,690626486.1
2017-09-27 00:00:00 UTC,5265.795963,87363040991,1192770314
2017-09-28 00:00:00 UTC,5268.740697,87423424081,1086270509
2017-09-29 00:00:00 UTC,5273.767881,87518177993,1058765706
2017-09-30 00:00:00 UTC,5487.475637,91074124095,919625946
2017-10-01 00:00:00 UTC,5544.054141,92022012456,870183630.7
2017-10-02 00:00:00 UTC,5600.136655,92963108501,943467942
2017-10-03 00:00:00 UTC,5513.836052,91543115689,971111507.2
2017-10-04 00:00:00 UTC,5382.718648,89375602414,729365405.8
2017-10-05 00:00:00 UTC,5508.286399,91468538341,915604804.5
2017-10-06 00:00:00 UTC,5595.984557,92936292832,803011551.1
2017-10-07 00:00:00 UTC,5668.573073,94153082761,602491080.3
2017-10-08 00:00:00 UTC,5865.613063,97439048032,991536728
2017-10-09 00:00:00 UTC,6134.087381,1.01911E+11,1455058412
2017-10-10 00:00:00 UTC,6126.417499,1.01796E+11,1457000085
2017-10-11 00:00:00 UTC,6163.015769,1.02415E+11,1072568121
2017-10-12 00:00:00 UTC,6815.360969,1.13269E+11,2665124444
2017-10-13 00:00:00 UTC,7109.931123,1.18176E+11,4022466124
2017-10-14 00:00:00 UTC,7198.951766,1.19669E+11,2930406873
2017-10-15 00:00:00 UTC,7209.645347,1.19864E+11,2112360776
2017-10-16 00:00:00 UTC,7305.248597,1.21469E+11,1351959782
2017-10-17 00:00:00 UTC,7190.180519,1.19571E+11,1410039119
2017-10-18 00:00:00 UTC,7129.119501,1.18569E+11,2677176858
2017-10-19 00:00:00 UTC,7228.951344,1.20245E+11,1560248529
2017-10-20 00:00:00 UTC,7617.112656,1.26719E+11,2358386223
2017-10-21 00:00:00 UTC,7732.814223,1.28658E+11,2256893026
2017-10-22 00:00:00 UTC,7691.205852,1.27984E+11,2305845136
2017-10-23 00:00:00 UTC,7628.378973,1.26955E+11,2610218143
2017-10-24 00:00:00 UTC,7137.044163,1.18792E+11,2880542658
2017-10-25 00:00:00 UTC,7404.608026,1.23263E+11,2105132293
2017-10-26 00:00:00 UTC,7677.896231,1.27829E+11,1958999033
2017-10-27 00:00:00 UTC,7524.123642,1.25279E+11,1735689916
2017-10-28 00:00:00 UTC,7470.437847,1.24394E+11,1163356405
2017-10-29 00:00:00 UTC,7985.200755,1.32981E+11,2533676176
2017-10-30 00:00:00 UTC,7930.510487,1.32084E+11,1699021261
2017-10-31 00:00:00 UTC,8318.064066,1.38553E+11,2351606186
2017-11-01 00:00:00 UTC,8749.000736,1.45748E+11,2730569254
2017-11-02 00:00:00 UTC,9156.404381,1.52553E+11,5659151642
2017-11-03 00:00:00 UTC,9458.414806,1.57598E+11,3695557952
2017-11-04 00:00:00 UTC,9660.168595,1.60975E+11,2670993028
2017-11-05 00:00:00 UTC,9695.27226,1.61578E+11,2539883931
2017-11-06 00:00:00 UTC,9240.991921,1.54023E+11,3452481442
2017-11-07 00:00:00 UTC,9363.44077,1.56081E+11,2390912790
2017-11-08 00:00:00 UTC,9718.526384,1.62018E+11,4530694066
2017-11-09 00:00:00 UTC,9356.574752,1.56002E+11,3034569930
2017-11-10 00:00:00 UTC,8688.919892,1.44883E+11,5072804337
2017-11-11 00:00:00 UTC,8308.511931,1.38548E+11,4109447072
2017-11-12 00:00:00 UTC,7670.630179,1.27918E+11,7846498994
2017-11-13 00:00:00 UTC,8433.763089,1.4066E+11,6087626992
2017-11-14 00:00:00 UTC,8719.060533,1.45432E+11,2391438491
2017-11-15 00:00:00 UTC,9618.152382,1.60447E+11,3869038958
2017-11-16 00:00:00 UTC,10298.86978,1.71822E+11,4497916321
2017-11-17 00:00:00 UTC,10287.77272,1.71647E+11,4290162769
2017-11-18 00:00:00 UTC,10346.04665,1.72648E+11,2944210940
2017-11-19 00:00:00 UTC,10604.05143,1.76975E+11,2081817457
2017-11-20 00:00:00 UTC,10886.74195,1.81717E+11,2259844608
2017-11-21 00:00:00 UTC,10707.62177,1.7875E+11,3829471322
2017-11-22 00:00:00 UTC,10844.49367,1.81055E+11,2006979054
2017-11-23 00:00:00 UTC,10645.82161,1.77759E+11,2033499890
2017-11-24 00:00:00 UTC,10867.39456,1.81479E+11,2803186222
2017-11-25 00:00:00 UTC,11479.98684,1.91731E+11,2789202808
2017-11-26 00:00:00 UTC,12275.22957,2.05036E+11,4589277597
2017-11-27 00:00:00 UTC,12927.31171,2.15955E+11,4772764192
2017-11-28 00:00:00 UTC,13489.03859,2.25366E+11,4541186150
2017-11-29 00:00:00 UTC,13053.46066,2.18117E+11,13559091838
2017-11-30 00:00:00 UTC,13760.10203,2.29952E+11,9843154699
2017-12-01 00:00:00 UTC,14447.14923,2.41467E+11,6597834985
2017-12-02 00:00:00 UTC,14666.33397,2.45161E+11,4176614707
2017-12-03 00:00:00 UTC,14828.65594,2.47907E+11,7589717719
2017-12-04 00:00:00 UTC,15303.03031,2.55872E+11,4230336138
2017-12-05 00:00:00 UTC,16011.59069,2.67756E+11,4119147157
2017-12-06 00:00:00 UTC,18347.47337,3.06856E+11,6725253113
2017-12-07 00:00:00 UTC,24624.18872,4.11884E+11,21949844917
2017-12-08 00:00:00 UTC,22522.98432,3.76782E+11,32162377635
2017-12-09 00:00:00 UTC,20330.83435,3.40154E+11,9731246002
2017-12-10 00:00:00 UTC,21056.93518,3.52345E+11,13952202062
2017-12-11 00:00:00 UTC,22717.38752,3.80178E+11,10239582952
2017-12-12 00:00:00 UTC,22825.30143,3.8203E+11,6200697057
2017-12-13 00:00:00 UTC,21641.36351,3.62263E+11,5772459044
2017-12-14 00:00:00 UTC,21999.46447,3.68309E+11,5371060074
2017-12-15 00:00:00 UTC,23510.92486,3.93663E+11,8037516156
2017-12-16 00:00:00 UTC,25716.73193,4.30651E+11,6690521954
2017-12-17 00:00:00 UTC,25400.46827,4.25414E+11,5559255978
2017-12-18 00:00:00 UTC,25025.52048,4.1919E+11,7057798009
2017-12-19 00:00:00 UTC,23747.04669,3.97818E+11,8024456531
2017-12-20 00:00:00 UTC,22242.35829,3.72649E+11,9790430974
2017-12-21 00:00:00 UTC,21221.31412,3.55577E+11,7241385994
2017-12-22 00:00:00 UTC,18251.77813,3.05856E+11,15762947387
2017-12-23 00:00:00 UTC,19762.66889,3.3121E+11,6582520100
2017-12-24 00:00:00 UTC,18740.91345,3.14121E+11,5355223703
2017-12-25 00:00:00 UTC,18522.08035,3.10484E+11,3218646258
2017-12-26 00:00:00 UTC,21496.60278,3.60384E+11,5505329585
2017-12-27 00:00:00 UTC,21066.75223,3.5322E+11,6369946620
2017-12-28 00:00:00 UTC,19331.0603,3.24154E+11,6756636118
2017-12-29 00:00:00 UTC,19349.87919,3.24509E+11,4810422915
2017-12-30 00:00:00 UTC,17446.32152,2.92616E+11,4611856473
2017-12-31 00:00:00 UTC,19025.11221,3.19135E+11,3745131061
2018-01-01 00:00:00 UTC,18072.72532,3.03196E+11,3007689395
2018-01-02 00:00:00 UTC,19556.22561,3.28125E+11,5271624273
2018-01-03 00:00:00 UTC,19913.43179,3.34157E+11,4230045246
2018-01-04 00:00:00 UTC,20320.43475,3.41029E+11,5364120068
2018-01-05 00:00:00 UTC,23326.45473,3.9152E+11,7983321018
2018-01-06 00:00:00 UTC,23335.02809,3.91714E+11,5394886839
2018-01-07 00:00:00 UTC,21666.19968,3.63743E+11,3871703827
2018-01-08 00:00:00 UTC,20273.14031,3.40398E+11,7335114172
2018-01-09 00:00:00 UTC,19969.83269,3.35346E+11,5392900213
2018-01-10 00:00:00 UTC,19765.21547,3.31952E+11,6333160845
2018-01-11 00:00:00 UTC,17814.21138,2.99227E+11,7396576719
2018-01-12 00:00:00 UTC,18645.23979,3.13227E+11,5080884712
2018-01-13 00:00:00 UTC,19195.59868,3.22509E+11,3959883798
2018-01-14 00:00:00 UTC,18298.35055,3.0747E+11,4216762136
2018-01-15 00:00:00 UTC,18103.71739,3.04233E+11,4048538471
2018-01-16 00:00:00 UTC,14711.16669,2.47251E+11,12143054900
2018-01-17 00:00:00 UTC,14319.84549,2.40704E+11,12827779825
2018-01-18 00:00:00 UTC,14453.70578,2.42985E+11,8193303383
2018-01-19 00:00:00 UTC,14709.69228,2.47318E+11,5264858199
2018-01-20 00:00:00 UTC,16588.42687,2.78943E+11,5655067989
2018-01-21 00:00:00 UTC,14628.15221,2.46015E+11,5398923914
2018-01-22 00:00:00 UTC,13727.40301,2.30894E+11,6260212941
2018-01-23 00:00:00 UTC,13613.61197,2.2901E+11,5972552015
2018-01-24 00:00:00 UTC,14010.74527,2.35722E+11,4450715011
2018-01-25 00:00:00 UTC,13985.4435,2.35324E+11,3992452967
2018-01-26 00:00:00 UTC,13619.7181,2.29197E+11,5692570915
2018-01-27 00:00:00 UTC,14126.90891,2.37752E+11,3569042369
2018-01-28 00:00:00 UTC,14374.05179,2.41947E+11,3305755965
2018-01-29 00:00:00 UTC,13785.20447,2.32061E+11,2897519700
2018-01-30 00:05:18 UTC,13712.34899,2.30834E+11,2869002333
2018-01-31 00:05:24 UTC,12341.28273,2.0778E+11,4700639365
2018-02-01 00:05:23 UTC,12546.6468,2.11256E+11,4001187269
2018-02-02 00:05:21 UTC,11285.65765,1.90046E+11,5934269060
2018-02-03 00:05:21 UTC,11133.73242,1.87511E+11,8591034878
2018-02-04 00:07:39 UTC,11344.38663,1.91081E+11,4315879490
2018-02-05 00:07:44 UTC,10516.9177,1.77166E+11,4220539204